year,month_num,final_region,total_sales,total_items,prev_year_sales,sales_growth
2021,1,Aguascalientes,42083.420000000006,33,,
2021,1,Baja California,81657.57,61,,
2021,1,Baja California Sur,53967.18,54,,
2021,1,Campeche,18737.55,18,,
2021,1,Chiapas,61203.89,59,,
2021,1,Chihuahua,124296.72,108,,
2021,1,Ciudad de México,1418658.24,1203,,
2021,1,Coahuila,113258.0,96,,
2021,1,Colima,18992.42,14,,
2021,1,Durango,45242.97,42,,
2021,1,Guanajuato,90873.7,68,,
2021,1,Guerrero,45618.1,47,,
2021,1,Hidalgo,75882.19,56,,
2021,1,Jalisco,439590.54000000004,391,,
2021,1,Michoacán,112830.8,99,,
2021,1,Morelos,52222.43,45,,
2021,1,México,751676.5,639,,
2021,1,Nayarit,37761.32,32,,
2021,1,Nuevo León,345429.09,333,,
2021,1,Oaxaca,59249.299999999996,49,,
2021,1,Puebla,151880.19999999998,133,,
2021,1,Querétaro,135454.05,125,,
2021,1,Quintana Roo,56699.95,63,,
2021,1,San Luis Potosí,110196.83,111,,
2021,1,Sinaloa,163295.15,146,,
2021,1,Sonora,52023.380000000005,58,,
2021,1,Tabasco,58274.94,67,,
2021,1,Tamaulipas,100463.56,94,,
2021,1,Tlaxcala,15206.060000000001,11,,
2021,1,Veracruz,185701.92,175,,
2021,1,Yucatán,103954.51000000001,100,,
2021,1,Zacatecas,24805.18,18,,
2021,2,Aguascalientes,48703.270000000004,38,,
2021,2,Baja California,96916.08,77,,
2021,2,Baja California Sur,46329.39,42,,
2021,2,Campeche,20548.190000000002,24,,
2021,2,Chiapas,52864.3,44,,
2021,2,Chihuahua,110419.0,93,,
2021,2,Ciudad de México,889656.5800000001,757,,
2021,2,Coahuila,82096.71,78,,
2021,2,Colima,24105.84,21,,
2021,2,Durango,37316.29,33,,
2021,2,Guanajuato,97382.97,81,,
2021,2,Guerrero,23661.22,23,,
2021,2,Hidalgo,59819.57,41,,
2021,2,Jalisco,397606.54,325,,
2021,2,Michoacán,95417.88999999998,78,,
2021,2,Morelos,44196.81,46,,
2021,2,México,488911.1,395,,
2021,2,Nayarit,26960.48,24,,
2021,2,Nuevo León,355918.84,335,,
2021,2,Oaxaca,56935.409999999996,48,,
2021,2,Puebla,97802.43999999999,87,,
2021,2,Querétaro,135641.78,123,,
2021,2,Quintana Roo,33308.71,29,,
2021,2,San Luis Potosí,66891.29,55,,
2021,2,Sinaloa,174419.02,145,,
2021,2,Sonora,88059.6,81,,
2021,2,Tabasco,46317.4,44,,
2021,2,Tamaulipas,89210.88,80,,
2021,2,Tlaxcala,11546.03,9,,
2021,2,Veracruz,163222.74000000002,146,,
2021,2,Yucatán,55914.31,53,,
2021,2,Zacatecas,12379.92,10,,
2021,3,Aguascalientes,50938.0,44,,
2021,3,Baja California,104348.76,91,,
2021,3,Baja California Sur,67111.37,59,,
2021,3,Campeche,15649.14,27,,
2021,3,Chiapas,65632.47,61,,
2021,3,Chihuahua,188989.28,172,,
2021,3,Ciudad de México,1038693.3,930,,
2021,3,Coahuila,129997.22,124,,
2021,3,Colima,29391.17,24,,
2021,3,Durango,47473.14,42,,
2021,3,Guanajuato,155463.12,142,,
2021,3,Guerrero,26880.329999999998,27,,
2021,3,Hidalgo,68883.92,53,,
2021,3,Jalisco,483813.62,450,,
2021,3,Michoacán,116734.11,102,,
2021,3,Morelos,52581.479999999996,47,,
2021,3,México,523645.18,457,,
2021,3,Nayarit,39455.37999999999,39,,
2021,3,Nuevo León,533671.53,533,,
2021,3,Oaxaca,44093.55,36,,
2021,3,Puebla,113460.88,111,,
2021,3,Querétaro,175006.57,166,,
2021,3,Quintana Roo,48887.08,40,,
2021,3,San Luis Potosí,98912.39,95,,
2021,3,Sinaloa,200932.67,181,,
2021,3,Sonora,114471.31,108,,
2021,3,Tabasco,39825.2,38,,
2021,3,Tamaulipas,136843.47,123,,
2021,3,Tlaxcala,4868.97,4,,
2021,3,Veracruz,178654.88999999998,158,,
2021,3,Yucatán,73725.43000000001,67,,
2021,3,Zacatecas,24660.239999999998,24,,
2021,4,Aguascalientes,49444.92,40,,
2021,4,Baja California,119329.02000000002,108,,
2021,4,Baja California Sur,31831.559999999998,30,,
2021,4,Campeche,15671.65,13,,
2021,4,Chiapas,57107.590000000004,46,,
2021,4,Chihuahua,206557.09,186,,
2021,4,Ciudad de México,1025621.73,883,,
2021,4,Coahuila,202383.59999999998,177,,
2021,4,Colima,30820.100000000002,24,,
2021,4,Durango,45950.95,38,,
2021,4,Guanajuato,138718.79,116,,
2021,4,Guerrero,36282.49,33,,
2021,4,Hidalgo,76583.53,70,,
2021,4,Jalisco,563489.97,482,,
2021,4,Michoacán,139858.67,114,,
2021,4,Morelos,38658.1,37,,
2021,4,México,575685.24,503,,
2021,4,Nayarit,39913.81,34,,
2021,4,Nuevo León,749406.0,659,,
2021,4,Oaxaca,59844.549999999996,51,,
2021,4,Puebla,177913.25999999998,159,,
2021,4,Querétaro,173877.22,144,,
2021,4,Quintana Roo,62272.72,52,,
2021,4,San Luis Potosí,105445.34,82,,
2021,4,Sinaloa,200160.61,169,,
2021,4,Sonora,124797.33,99,,
2021,4,Tabasco,61433.119999999995,53,,
2021,4,Tamaulipas,168476.68,142,,
2021,4,Tlaxcala,15121.82,14,,
2021,4,Veracruz,171352.63,154,,
2021,4,Yucatán,96591.53,80,,
2021,4,Zacatecas,29942.14,24,,
2021,5,Aguascalientes,113948.97,78,,
2021,5,Baja California,250436.25999999998,206,,
2021,5,Baja California Sur,84710.93,76,,
2021,5,Campeche,45419.93,37,,
2021,5,Chiapas,142250.50999999998,128,,
2021,5,Chihuahua,364253.64999999997,342,,
2021,5,Ciudad de México,1912586.71,1657,,
2021,5,Coahuila,283404.35,249,,
2021,5,Colima,59227.4,51,,
2021,5,Durango,86935.14,67,,
2021,5,Guanajuato,256306.11,207,,
2021,5,Guerrero,77837.16,71,,
2021,5,Hidalgo,134737.06,111,,
2021,5,Jalisco,1014426.6499999999,858,,
2021,5,Michoacán,299408.32,246,,
2021,5,Morelos,102359.72,88,,
2021,5,México,1042007.61,874,,
2021,5,Nayarit,89717.44,82,,
2021,5,Nuevo León,1301074.27,1148,,
2021,5,Oaxaca,88602.96,79,,
2021,5,Puebla,259519.79,223,,
2021,5,Querétaro,304347.02,271,,
2021,5,Quintana Roo,100277.29000000001,90,,
2021,5,San Luis Potosí,165548.22999999998,144,,
2021,5,Sinaloa,357674.76,307,,
2021,5,Sonora,214133.93000000002,180,,
2021,5,Tabasco,83227.61,68,,
2021,5,Tamaulipas,274257.98000000004,239,,
2021,5,Tlaxcala,22619.809999999998,19,,
2021,5,Veracruz,372306.67,340,,
2021,5,Yucatán,134590.66,128,,
2021,5,Zacatecas,43260.26,38,,
2021,6,Aguascalientes,38612.76,29,,
2021,6,Baja California,118291.86,95,,
2021,6,Baja California Sur,27271.34,26,,
2021,6,Campeche,16488.22,17,,
2021,6,Chiapas,70848.40000000001,61,,
2021,6,Chihuahua,147105.82,127,,
2021,6,Ciudad de México,871981.06,757,,
2021,6,Coahuila,144940.27000000002,121,,
2021,6,Colima,25652.79,24,,
2021,6,Durango,41248.11,32,,
2021,6,Guanajuato,115979.19,92,,
2021,6,Guerrero,22280.12,23,,
2021,6,Hidalgo,46131.990000000005,33,,
2021,6,Jalisco,463684.36000000004,399,,
2021,6,Michoacán,99668.48,82,,
2021,6,Morelos,39900.07,33,,
2021,6,México,417980.13,365,,
2021,6,Nayarit,39142.87,31,,
2021,6,Nuevo León,488174.4,440,,
2021,6,Oaxaca,35189.71,34,,
2021,6,Puebla,145861.24,125,,
2021,6,Querétaro,116318.21999999999,105,,
2021,6,Quintana Roo,37978.03,36,,
2021,6,San Luis Potosí,84878.23,66,,
2021,6,Sinaloa,128080.98000000001,118,,
2021,6,Sonora,68781.06,54,,
2021,6,Tabasco,38991.81,35,,
2021,6,Tamaulipas,115672.72,104,,
2021,6,Tlaxcala,15164.43,12,,
2021,6,Veracruz,129630.57,116,,
2021,6,Yucatán,62992.73,61,,
2021,6,Zacatecas,48789.07,38,,
2021,7,Aguascalientes,64194.59,56,,
2021,7,Baja California,182441.72,152,,
2021,7,Baja California Sur,41116.2,42,,
2021,7,Campeche,21304.0,19,,
2021,7,Chiapas,85016.35,75,,
2021,7,Chihuahua,172537.78,158,,
2021,7,Ciudad de México,1108661.12,1030,,
2021,7,Coahuila,155698.85,140,,
2021,7,Colima,60111.229999999996,48,,
2021,7,Durango,56051.41,52,,
2021,7,Guanajuato,138086.47999999998,130,,
2021,7,Guerrero,77667.63,62,,
2021,7,Hidalgo,79923.79000000001,72,,
2021,7,Jalisco,761303.34,662,,
2021,7,Michoacán,203504.56,158,,
2021,7,Morelos,46229.409999999996,45,,
2021,7,México,619210.41,550,,
2021,7,Nayarit,55888.189999999995,61,,
2021,7,Nuevo León,606310.48,571,,
2021,7,Oaxaca,61655.91,45,,
2021,7,Puebla,150530.53,131,,
2021,7,Querétaro,157787.74999999997,151,,
2021,7,Quintana Roo,73053.37999999999,75,,
2021,7,San Luis Potosí,105730.34999999999,85,,
2021,7,Sinaloa,271071.19,244,,
2021,7,Sonora,92285.57,81,,
2021,7,Tabasco,66851.42,57,,
2021,7,Tamaulipas,178136.51,161,,
2021,7,Tlaxcala,22567.739999999998,16,,
2021,7,Veracruz,211979.97,196,,
2021,7,Yucatán,79147.87,81,,
2021,7,Zacatecas,38534.520000000004,32,,
2021,8,Aguascalientes,90908.77,86,,
2021,8,Baja California,176043.75,145,,
2021,8,Baja California Sur,55237.1,43,,
2021,8,Campeche,28820.83,28,,
2021,8,Chiapas,113625.82999999999,94,,
2021,8,Chihuahua,209438.97000000003,176,,
2021,8,Ciudad de México,1794372.51,1436,,
2021,8,Coahuila,180254.52,150,,
2021,8,Colima,59390.87000000001,55,,
2021,8,Durango,55918.54,43,,
2021,8,Guanajuato,239839.37999999998,195,,
2021,8,Guerrero,56439.47,43,,
2021,8,Hidalgo,143289.52,114,,
2021,8,Jalisco,1000729.3099999999,807,,
2021,8,Michoacán,296023.99,219,,
2021,8,Morelos,91187.62,74,,
2021,8,México,1116719.87,886,,
2021,8,Nayarit,68871.57,57,,
2021,8,Nuevo León,947304.5000000001,805,,
2021,8,Oaxaca,104777.1,88,,
2021,8,Puebla,284655.14,221,,
2021,8,Querétaro,250444.46,206,,
2021,8,Quintana Roo,96853.8,92,,
2021,8,San Luis Potosí,143196.22,127,,
2021,8,Sinaloa,350451.33,296,,
2021,8,Sonora,133247.27,109,,
2021,8,Tabasco,40954.68,36,,
2021,8,Tamaulipas,210269.16999999998,173,,
2021,8,Tlaxcala,16083.359999999999,16,,
2021,8,Veracruz,279777.54000000004,246,,
2021,8,Yucatán,122537.78000000001,103,,
2021,8,Zacatecas,53117.3,36,,
2021,9,Aguascalientes,50966.19,30,,
2021,9,Baja California,195208.9,125,,
2021,9,Baja California Sur,46665.84,38,,
2021,9,Campeche,32848.43,24,,
2021,9,Chiapas,74065.29,53,,
2021,9,Chihuahua,215195.71000000002,132,,
2021,9,Ciudad de México,1308841.02,905,,
2021,9,Coahuila,212146.71,142,,
2021,9,Colima,112649.68999999999,73,,
2021,9,Durango,98776.34,58,,
2021,9,Guanajuato,258100.06,165,,
2021,9,Guerrero,38479.9,28,,
2021,9,Hidalgo,104181.32,68,,
2021,9,Jalisco,900758.32,602,,
2021,9,Michoacán,254728.81,167,,
2021,9,Morelos,68380.76000000001,47,,
2021,9,México,822400.9600000001,540,,
2021,9,Nayarit,75147.01999999999,46,,
2021,9,Nuevo León,659116.25,449,,
2021,9,Oaxaca,95178.76,70,,
2021,9,Puebla,220012.9,144,,
2021,9,Querétaro,251650.24000000002,175,,
2021,9,Quintana Roo,82060.45999999999,71,,
2021,9,San Luis Potosí,156131.0,100,,
2021,9,Sinaloa,251647.09999999998,177,,
2021,9,Sonora,189748.29,122,,
2021,9,Tabasco,49761.03999999999,39,,
2021,9,Tamaulipas,195430.55000000002,130,,
2021,9,Tlaxcala,23188.14,15,,
2021,9,Veracruz,201060.85,145,,
2021,9,Yucatán,75394.84,55,,
2021,9,Zacatecas,42762.06,27,,
2021,10,Aguascalientes,71581.58,42,,
2021,10,Baja California,266955.33,173,,
2021,10,Baja California Sur,97775.3,61,,
2021,10,Campeche,63065.31,38,,
2021,10,Chiapas,101371.04000000001,66,,
2021,10,Chihuahua,247080.71,156,,
2021,10,Ciudad de México,1502521.03,970,,
2021,10,Coahuila,203156.27,120,,
2021,10,Coahuila de Zaragoza,1999.0,1,,
2021,10,Colima,40895.5,29,,
2021,10,Durango,54921.119999999995,32,,
2021,10,Guanajuato,197545.71,119,,
2021,10,Guerrero,64804.05,44,,
2021,10,Hidalgo,78673.21,53,,
2021,10,Jalisco,818276.9400000001,509,,
2021,10,Michoacán,200001.53000000003,130,,
2021,10,Morelos,73378.48000000001,45,,
2021,10,México,862265.84,568,,
2021,10,Nayarit,83364.21,51,,
2021,10,Nuevo León,731832.08,489,,
2021,10,Oaxaca,71570.8,45,,
2021,10,Puebla,202458.27,128,,
2021,10,Querétaro,208689.56,132,,
2021,10,Quintana Roo,76828.82,53,,
2021,10,San Luis Potosí,130142.0,80,,
2021,10,Sinaloa,428919.27999999997,261,,
2021,10,Sonora,194170.35,109,,
2021,10,Tabasco,63978.69,42,,
2021,10,Tamaulipas,262546.5,151,,
2021,10,Tlaxcala,27830.420000000002,21,,
2021,10,Veracruz,343719.18,232,,
2021,10,Yucatán,78213.0,48,,
2021,10,Zacatecas,43407.48,27,,
2021,11,Aguascalientes,139244.68,90,,
2021,11,Baja California,488762.44000000006,342,,
2021,11,Baja California Sur,154207.44,117,,
2021,11,Campeche,127560.55,97,,
2021,11,Chiapas,205032.33,156,,
2021,11,Chihuahua,488735.57,327,,
2021,11,Ciudad de México,3044345.86,2149,,
2021,11,Coahuila,418251.4600000001,289,,
2021,11,Colima,121921.48000000001,91,,
2021,11,Coyoacan,1249.0,1,,
2021,11,Durango,164364.79,110,,
2021,11,Guanajuato,519598.0,345,,
2021,11,Guerrero,161785.15999999997,118,,
2021,11,Hidalgo,273103.29000000004,186,,
2021,11,Jalisco,1905726.59,1359,,
2021,11,Michoacán,557425.49,363,,
2021,11,Morelos,209208.74,151,,
2021,11,México,2175115.79,1501,,
2021,11,Nayarit,138574.66,93,,
2021,11,Nuevo León,1811465.15,1267,,
2021,11,Oaxaca,185527.27000000002,133,,
2021,11,Puebla,540644.3300000001,379,,
2021,11,Querétaro,476175.79,324,,
2021,11,Quintana Roo,256832.34,200,,
2021,11,San Luis Potosí,302603.9,207,,
2021,11,Sinaloa,903310.3500000001,648,,
2021,11,Sonora,403563.43000000005,271,,
2021,11,Tabasco,225998.96000000005,171,,
2021,11,Tamaulipas,462581.14,325,,
2021,11,Tlaxcala,65648.34999999999,45,,
2021,11,Veracruz,891429.52,643,,
2021,11,Yucatán,325625.91,229,,
2021,11,Zacatecas,88932.16,53,,
2021,12,Aguascalientes,92233.17,67,,
2021,12,Baja California,308284.23,222,,
2021,12,Baja California Sur,73348.64,49,,
2021,12,Campeche,77185.36,62,,
2021,12,Chiapas,155591.55000000002,125,,
2021,12,Chihuahua,280634.29000000004,199,,
2021,12,Ciudad de México,1867091.53,1409,,
2021,12,Coahuila,267677.83,182,,
2021,12,Colima,78607.07,51,,
2021,12,Durango,105704.49,73,,
2021,12,Guanajuato,463127.04,331,,
2021,12,Guerrero,103275.03,89,,
2021,12,Hidalgo,142336.11,101,,
2021,12,Jalisco,1176441.8599999999,865,,
2021,12,Michoacán,282924.95,210,,
2021,12,Morelos,128643.42,100,,
2021,12,México,1183577.22,873,,
2021,12,Nayarit,99933.82,72,,
2021,12,Nuevo León,1138069.56,850,,
2021,12,Oaxaca,137622.9,109,,
2021,12,Puebla,337672.45,253,,
2021,12,Querétaro,272784.85,205,,
2021,12,Quintana Roo,178006.47999999998,153,,
2021,12,San Luis Potosí,205937.87,148,,
2021,12,Sinaloa,436875.28,334,,
2021,12,Sonora,220642.01,163,,
2021,12,Tabasco,132214.2,104,,
2021,12,Tamaulipas,322381.56,245,,
2021,12,Tlaxcala,36243.08,26,,
2021,12,Veracruz,522784.09,400,,
2021,12,Yucatán,157024.47,124,,
2021,12,Zacatecas,63451.83,43,,
2022,1,Aguascalientes,54621.939999999995,41,42083.420000000006,29.79444161144695
2022,1,Baja California,142000.13,104,81657.57,73.89708020946496
2022,1,Baja California Sur,52043.0,38,53967.18,-3.56546330566096
2022,1,Campeche,38729.19,30,18737.55,106.6929241016035
2022,1,Chiapas,143201.29,101,61203.89,133.974164060487
2022,1,Chihuahua,208657.51,142,124296.72,67.87048765244973
2022,1,Ciudad de México,1791796.99,1370,1418658.24,26.302229774522722
2022,1,Coahuila,177111.2,139,113258.0,56.37853396669552
2022,1,Colima,48450.87,29,18992.42,155.10635295554758
2022,1,Durango,89277.43000000001,66,45242.97,97.32884468017905
2022,1,Guanajuato,249712.3,185,90873.7,174.79050594396398
2022,1,Guerrero,78829.22,64,45618.1,72.80250602282867
2022,1,Hidalgo,142368.9,102,75882.19,87.61833310293231
2022,1,Jalisco,897938.89,678,439590.54000000004,104.2671095697373
2022,1,Michoacán,302806.82,207,112830.8,168.37248339992271
2022,1,Morelos,80822.94,58,52222.43,54.76671614093791
2022,1,México,1003296.09,748,751676.5,33.47445210805446
2022,1,Nayarit,69998.14,54,37761.32,85.36994999115497
2022,1,Nuevo León,825752.37,625,345429.09,139.05119571718757
2022,1,Oaxaca,76070.36,53,59249.299999999996,28.3903100964906
2022,1,Puebla,266017.66,210,151880.19999999998,75.1496640115038
2022,1,Querétaro,246872.55999999997,194,135454.05,82.25557670663962
2022,1,Quintana Roo,112438.69,87,56699.95,98.30474277314178
2022,1,San Luis Potosí,171649.4,126,110196.83,55.76618674058046
2022,1,Sinaloa,326465.19999999995,255,163295.15,99.92339025378277
2022,1,Sonora,120076.92999999998,86,52023.380000000005,130.81339582318557
2022,1,Tabasco,93179.28,68,58274.94,59.895969004858685
2022,1,Tamaulipas,317864.89,234,100463.56,216.39819452943937
2022,1,Tlaxcala,23436.27,15,15206.060000000001,54.12453982162374
2022,1,Veracruz,341299.55,271,185701.92,83.78891828366662
2022,1,Yucatán,161223.89,136,103954.51000000001,55.09080846997403
2022,1,Zacatecas,66456.41,49,24805.18,167.913435822679
2022,2,Aguascalientes,86176.06,65,48703.270000000004,76.94101443291177
2022,2,Baja California,227615.68,175,96916.08,134.85852915223148
2022,2,Baja California Sur,82478.98000000001,75,46329.39,78.02733858572283
2022,2,Campeche,63094.490000000005,50,20548.190000000002,207.05619327055084
2022,2,Chiapas,155464.47,120,52864.3,194.08214995753278
2022,2,Chihuahua,232210.36,182,110419.0,110.29927820393229
2022,2,Ciudad de México,1745515.15,1414,889656.5800000001,96.20100488662713
2022,2,Coahuila,217621.33,161,82096.71,165.07923399122814
2022,2,Colima,42862.59,38,24105.84,77.80998297507989
2022,2,Durango,99474.87,70,37316.29,166.57223963046698
2022,2,Guanajuato,320126.99,250,97382.97,228.72995144838976
2022,2,Guerrero,82807.74,74,23661.22,249.97240209930004
2022,2,Hidalgo,146597.59,107,59819.57,145.06627179031878
2022,2,Jalisco,938242.59,761,397606.54,135.97262509816866
2022,2,Michoacán,313089.43,230,95417.88999999998,228.12445339128757
2022,2,Morelos,90071.6,81,44196.81,103.79660885027677
2022,2,México,1113491.64,878,488911.1,127.74930657127645
2022,2,Nayarit,95101.27,76,26960.48,252.7432375091245
2022,2,Nuevo León,964314.19,794,355918.84,170.936539914549
2022,2,Oaxaca,112044.63,80,56935.409999999996,96.79252331721158
2022,2,Puebla,277784.56,229,97802.43999999999,184.02620629914756
2022,2,Querétaro,268879.2,218,135641.78,98.2274193098911
2022,2,Quintana Roo,183927.97,145,33308.71,452.19181409307055
2022,2,San Luis Potosí,154523.3,132,66891.29,131.00660788572026
2022,2,Sinaloa,411641.86,319,174419.02,136.00743772095498
2022,2,Sonora,167445.39,129,88059.6,90.15006881702847
2022,2,Tabasco,114720.87,102,46317.4,147.6841748457383
2022,2,Tamaulipas,359295.56,270,89210.88,302.74858851297057
2022,2,Tlaxcala,17482.79,16,11546.03,51.4181930932104
2022,2,Veracruz,532934.57,450,163222.74000000002,226.50755035726021
2022,2,Yucatán,169934.27,151,55914.31,203.91910407192722
2022,2,Zacatecas,53828.03,41,12379.92,334.8011134159187
2022,3,Aguascalientes,91135.55,63,50938.0,78.91466096038322
2022,3,Baja California,167985.16999999998,127,104348.76,60.98434710676005
2022,3,Baja California Sur,100808.63,74,67111.37,50.21095531204327
2022,3,Campeche,43686.97,33,15649.14,179.1653087645711
2022,3,Chiapas,117393.03,89,65632.47,78.86425727997133
2022,3,Chihuahua,164328.55,130,188989.28,-13.048745410321692
2022,3,Ciudad de México,1611741.83,1250,1038693.3,55.170138288174186
2022,3,Coahuila,186817.07,141,129997.22,43.7085116127868
2022,3,Colima,74459.24,54,29391.17,153.33880890076853
2022,3,Durango,58108.55,37,47473.14,22.403005151965942
2022,3,Guanajuato,228917.74,174,155463.12,47.24890379145871
2022,3,Guerrero,72031.34,55,26880.329999999998,167.97044530331286
2022,3,Hidalgo,141810.02,98,68883.92,105.86810390581721
2022,3,Jalisco,1074850.34,846,483813.62,122.16206728533191
2022,3,Michoacán,273727.82,218,116734.11,134.48829138287002
2022,3,Morelos,103155.11,77,52581.479999999996,96.18145019881527
2022,3,México,938211.9500000001,687,523645.18,79.16940436652163
2022,3,Nayarit,101380.18999999999,88,39455.37999999999,156.94896361408763
2022,3,Nuevo León,925644.9,719,533671.53,73.44843184720759
2022,3,Oaxaca,134669.93,100,44093.55,205.41866100597477
2022,3,Puebla,280760.75999999995,214,113460.88,147.45159741401613
2022,3,Querétaro,245063.04,191,175006.57,40.0307657021105
2022,3,Quintana Roo,150742.74,121,48887.08,208.34883163404317
2022,3,San Luis Potosí,158967.50999999998,110,98912.39,60.71546749603359
2022,3,Sinaloa,458567.02999999997,364,200932.67,128.2192487662658
2022,3,Sonora,176813.92,128,114471.31,54.46134057520615
2022,3,Tabasco,102802.82,79,39825.2,158.13510038869865
2022,3,Tamaulipas,250401.68000000002,184,136843.47,82.98401816323425
2022,3,Tlaxcala,34283.55,24,4868.97,604.1232539941713
2022,3,Veracruz,381241.79,303,178654.88999999998,113.3956646806589
2022,3,Yucatán,144170.64,128,73725.43000000001,95.55076179277626
2022,3,Zacatecas,53917.74,36,24660.239999999998,118.64239764089888
2022,4,Aguascalientes,89879.94,67,49444.92,81.77790559677315
2022,4,Baja California,242364.81,186,119329.02000000002,103.10634412316463
2022,4,Baja California Sur,142497.57,114,31831.559999999998,347.661283330129
2022,4,Campeche,78824.89,54,15671.65,402.9776060593492
2022,4,Chiapas,144257.92,112,57107.590000000004,152.6072628874726
2022,4,Chihuahua,228498.48,177,206557.09,10.622433730064659
2022,4,Ciudad de México,1852699.53,1440,1025621.73,80.6416026306307
2022,4,Coahuila,231508.74,179,202383.59999999998,14.391057378167012
2022,4,Colima,93416.25,73,30820.100000000002,203.10170959860608
2022,4,Durango,114880.87999999999,84,45950.95,150.00762769866566
2022,4,Guanajuato,289056.98,210,138718.79,108.37622646506647
2022,4,Guerrero,152983.08000000002,119,36282.49,321.64437997502387
2022,4,Hidalgo,111153.27,84,76583.53,45.13991454820639
2022,4,Jalisco,1098978.85,864,563489.97,95.0307740171489
2022,4,Michoacán,368809.27,267,139858.67,163.70139941985718
2022,4,Morelos,125092.06999999999,101,38658.1,223.58566509994026
2022,4,México,1119639.44,866,575685.24,94.48812687989012
2022,4,Nayarit,120472.92000000001,86,39913.81,201.83267395420285
2022,4,Nuevo León,1231601.0,977,749406.0,64.3436268191074
2022,4,Oaxaca,114492.36,87,59844.549999999996,91.31626856580927
2022,4,Puebla,339719.52,267,177913.25999999998,90.9467118976967
2022,4,Querétaro,312301.94,245,173877.22,79.61061259203477
2022,4,Quintana Roo,188277.35,157,62272.72,202.3432250911796
2022,4,San Luis Potosí,194665.09999999998,157,105445.34,84.61233090054048
2022,4,Sinaloa,461765.5,379,200160.61,130.69748838195488
2022,4,Sonora,196558.72999999998,155,124797.33,57.50235201346052
2022,4,Tabasco,121520.69,107,61433.119999999995,97.80973194915057
2022,4,Tamaulipas,294975.47,231,168476.68,75.08385730298103
2022,4,Tlaxcala,28277.789999999997,22,15121.82,86.99991138632782
2022,4,Veracruz,536624.96,425,171352.63,213.16995834846537
2022,4,Yucatán,171487.71,149,96591.53,77.53907614880931
2022,4,Zacatecas,41716.450000000004,34,29942.14,39.32354200467971
2022,5,Aguascalientes,149147.03,103,113948.97,30.88931826237657
2022,5,Baja California,316320.24,244,250436.25999999998,26.30768403904451
2022,5,Baja California Sur,115285.92,94,84710.93,36.09332349438261
2022,5,Campeche,77454.6,56,45419.93,70.5299854050854
2022,5,Chiapas,232058.99,178,142250.50999999998,63.13403024003219
2022,5,Chihuahua,346269.69,265,364253.64999999997,-4.937207904436912
2022,5,Ciudad de México,3367925.98,2465,1912586.71,76.09272104583431
2022,5,Coahuila,379129.37,287,283404.35,33.77683511209339
2022,5,Colima,139579.37,97,59227.4,135.66688728527674
2022,5,Durango,157311.44999999998,115,86935.14,80.95266195004687
2022,5,Guanajuato,467124.9,343,256306.11,82.2527367763492
2022,5,Guerrero,122430.95,101,77837.16,57.2911318963847
2022,5,Hidalgo,211884.7,156,134737.06,57.25792146570514
2022,5,Jalisco,1687937.92,1280,1014426.6499999999,66.3932941824823
2022,5,Michoacán,506160.2,355,299408.32,69.05348522045078
2022,5,Morelos,154972.69,119,102359.72,51.4000722159068
2022,5,México,1878469.97,1370,1042007.61,80.27411239347857
2022,5,Nayarit,129249.18,100,89717.44,44.06249219772654
2022,5,Nuevo León,1637661.18,1266,1301074.27,25.869922859976313
2022,5,Oaxaca,159522.15,121,88602.96,80.04155843100499
2022,5,Puebla,521361.06000000006,400,259519.79,100.89452908388992
2022,5,Querétaro,447288.07,343,304347.02,46.96646939404893
2022,5,Quintana Roo,262017.34,205,100277.29000000001,161.29280119157585
2022,5,San Luis Potosí,292576.96,211,165548.22999999998,76.7321583565104
2022,5,Sinaloa,622332.04,483,357674.76,73.99383730627233
2022,5,Sonora,336126.77999999997,251,214133.93000000002,56.97035028498283
2022,5,Tabasco,210673.57,159,83227.61,153.1294242379422
2022,5,Tamaulipas,327922.58,241,274257.98000000004,19.567197278999856
2022,5,Tlaxcala,52463.31,39,22619.809999999998,131.93523729863338
2022,5,Veracruz,711481.14,540,372306.67,91.10083093595934
2022,5,Yucatán,274519.57,217,134590.66,103.96628562487173
2022,5,Zacatecas,56497.71000000001,41,43260.26,30.59956181493131
2022,6,Aguascalientes,58497.46,42,38612.76,51.497743233065954
2022,6,Baja California,138364.63999999998,102,118291.86,16.96885990295527
2022,6,Baja California Sur,32027.15,27,27271.34,17.43885705652895
2022,6,Campeche,22221.87,17,16488.22,34.77422062539193
2022,6,Chiapas,70772.34,53,70848.40000000001,-0.1073559882792162
2022,6,Chihuahua,117475.37,83,147105.82,-20.142269014237513
2022,6,Ciudad de México,1258276.4,910,871981.06,44.30088653531074
2022,6,Coahuila,168981.37000000002,118,144940.27000000002,16.58690162506252
2022,6,Colima,63643.64,48,25652.79,148.09636690589988
2022,6,Durango,60061.67,43,41248.11,45.61072010329685
2022,6,Guanajuato,158601.68000000002,125,115979.19,36.75011870664041
2022,6,Guerrero,60731.85,46,22280.12,172.5831368951334
2022,6,Hidalgo,92751.86,71,46131.990000000005,101.05757414757089
2022,6,Jalisco,591071.91,424,463684.36000000004,27.472902040517383
2022,6,Michoacán,187060.09,129,99668.48,87.68229434220328
2022,6,Morelos,94417.57,69,39900.07,136.63509863516532
2022,6,México,733695.4700000001,536,417980.13,75.53357620133762
2022,6,Nayarit,31988.600000000002,25,39142.87,-18.277326113287042
2022,6,Nuevo León,492500.78,374,488174.4,0.8862365580825222
2022,6,Oaxaca,90315.45,67,35189.71,156.65301021236039
2022,6,Puebla,217732.98,156,145861.24,49.27404977497793
2022,6,Querétaro,194739.96999999997,149,116318.21999999999,67.42000522360125
2022,6,Quintana Roo,134942.62,111,37978.03,255.31758756312533
2022,6,San Luis Potosí,102725.01000000001,72,84878.23,21.026333843201037
2022,6,Sinaloa,180665.06,134,128080.98000000001,41.055338583449306
2022,6,Sonora,71041.89,63,68781.06,3.286994995424615
2022,6,Tabasco,100026.18,77,38991.81,156.53125617918224
2022,6,Tamaulipas,184172.32,136,115672.72,59.21845703982754
2022,6,Tlaxcala,19008.46,13,15164.43,25.348991027028372
2022,6,Veracruz,230799.52000000002,183,129630.57,78.04405241757404
2022,6,Yucatán,91919.26999999999,93,62992.73,45.920441930362415
2022,6,Zacatecas,30268.170000000002,21,48789.07,-37.961166302206614
2022,7,Aguascalientes,97995.71,71,64194.59,52.65415668205063
2022,7,Baja California,173501.72,147,182441.72,-4.900194977333036
2022,7,Baja California Sur,91011.65,81,41116.2,121.35228936526235
2022,7,Campeche,66213.05,62,21304.0,210.80102328201278
2022,7,Chiapas,155893.65,131,85016.35,83.3690225468395
2022,7,Chihuahua,214317.27,175,172537.78,24.214690834668204
2022,7,Ciudad de México,2192663.06,1715,1108661.12,97.77576938929722
2022,7,Coahuila,244867.78,200,155698.85,57.27012755713995
2022,7,Colima,130122.46999999999,96,60111.229999999996,116.469484986416
2022,7,Durango,128030.85,96,56051.41,128.4168230558339
2022,7,Guanajuato,386048.82,304,138086.47999999998,179.57032433587997
2022,7,Guerrero,123318.97,107,77667.63,58.77782030943908
2022,7,Hidalgo,186481.29,135,79923.79000000001,133.32388266372251
2022,7,Jalisco,1349096.82,1041,761303.34,77.20884030273663
2022,7,Michoacán,403957.15,308,203504.56,98.5002940474651
2022,7,Morelos,156635.41,123,46229.409999999996,238.82199664672342
2022,7,México,1374949.45,1047,619210.41,122.04882666620543
2022,7,Nayarit,107954.16,94,55888.189999999995,93.16095225127171
2022,7,Nuevo León,962333.49,805,606310.48,58.71958703402257
2022,7,Oaxaca,124519.36,97,61655.91,101.95851460143885
2022,7,Puebla,371718.8,300,150530.53,146.9391425114892
2022,7,Querétaro,366485.27999999997,293,157787.74999999997,132.26472270502623
2022,7,Quintana Roo,185399.16,184,73053.37999999999,153.7858754789991
2022,7,San Luis Potosí,184645.66,146,105730.34999999999,74.63827557555614
2022,7,Sinaloa,351325.12,313,271071.19,29.60621894196871
2022,7,Sonora,142158.97,122,92285.57,54.042468394571316
2022,7,Tabasco,150582.06,118,66851.42,125.24885784026726
2022,7,Tamaulipas,275371.86,243,178136.51,54.58473953486569
2022,7,Tlaxcala,33388.3,26,22567.739999999998,47.9470252670405
2022,7,Veracruz,414760.04,378,211979.97,95.6600144815569
2022,7,Yucatán,192710.13,188,79147.87,143.48113221492886
2022,7,Zacatecas,65214.48,45,38534.520000000004,69.23651832175409
2022,8,Aguascalientes,107102.22000000002,73,90908.77,17.81285787938833
2022,8,Baja California,194183.76,135,176043.75,10.304262434764091
2022,8,Baja California Sur,94459.75,72,55237.1,71.00780091641306
2022,8,Campeche,47591.01,44,28820.83,65.12713200834257
2022,8,Chiapas,213019.36,155,113625.82999999999,87.4744149283662
2022,8,Chihuahua,331201.38,240,209438.97000000003,58.13741826556919
2022,8,Ciudad de México,2609301.8200000003,1894,1794372.51,45.4158378741547
2022,8,Coahuila,329890.07,240,180254.52,83.01348005031997
2022,8,Colima,84872.51000000001,64,59390.87000000001,42.904978492485455
2022,8,Durango,152351.0,105,55918.54,172.4516770287636
2022,8,Guanajuato,483104.76,336,239839.37999999998,101.42845599417412
2022,8,Guerrero,91980.83,74,56439.47,62.972526141723165
2022,8,Hidalgo,201541.88999999998,150,143289.52,40.653615142265814
2022,8,Jalisco,1450928.29,1085,1000729.3099999999,44.9870884665105
2022,8,Michoacán,548694.52,396,296023.99,85.3547477689224
2022,8,Morelos,133859.82,100,91187.62,46.796045340365296
2022,8,México,1739335.23,1252,1116719.87,55.75394301885215
2022,8,Nayarit,120050.40999999999,87,68871.57,74.31054642721224
2022,8,Nuevo León,1233170.52,969,947304.5000000001,30.176782650140467
2022,8,Oaxaca,142650.58,111,104777.1,36.14671526507222
2022,8,Puebla,504720.70999999996,358,284655.14,77.30953672573766
2022,8,Querétaro,389344.35,288,250444.46,55.46135458536396
2022,8,Quintana Roo,169050.17,149,96853.8,74.54159774835888
2022,8,San Luis Potosí,209829.02,148,143196.22,46.532513218575176
2022,8,Sinaloa,539683.54,435,350451.33,53.99671617739331
2022,8,Sonora,204495.66,147,133247.27,53.47080656887005
2022,8,Tabasco,143529.47,110,40954.68,250.4592637520303
2022,8,Tamaulipas,322607.55,242,210269.16999999998,53.42598727145782
2022,8,Tlaxcala,35416.009999999995,27,16083.359999999999,120.2028058813581
2022,8,Veracruz,572184.48,440,279777.54000000004,104.51408644167788
2022,8,Yucatán,172489.65,144,122537.78000000001,40.76446464102742
2022,8,Zacatecas,56299.62,41,53117.3,5.991117771422869
2022,9,Aguascalientes,136451.19,87,50966.19,167.72884141427875
2022,9,Baja California,139398.03,93,195208.9,-28.59033066627597
2022,9,Baja California Sur,62414.97,43,46665.84,33.74873354899431
2022,9,Campeche,46069.369999999995,38,32848.43,40.24831628178271
2022,9,Chiapas,122161.29,87,74065.29,64.93730058979045
2022,9,Chihuahua,282583.10000000003,181,215195.71000000002,31.314467188960233
2022,9,Ciudad de México,1892820.2600000002,1268,1308841.02,44.618042304328156
2022,9,Coahuila,254062.38999999998,157,212146.71,19.757874161706297
2022,9,Colima,54827.49,41,112649.68999999999,-51.32921360014395
2022,9,Durango,73491.04000000001,48,98776.34,-25.598539083347276
2022,9,Guanajuato,320612.55,225,258100.06,24.220253958871606
2022,9,Guerrero,97364.1,71,38479.9,153.0258654518333
2022,9,Hidalgo,185383.3,121,104181.32,77.94293641124914
2022,9,Jalisco,1044233.7,716,900758.32,15.928288067325319
2022,9,Michoacán,325330.07,214,254728.81,27.71624458183588
2022,9,Morelos,118904.98,85,68380.76000000001,73.88660202080231
2022,9,México,1238301.61,837,822400.9600000001,50.57151805853923
2022,9,Nayarit,84702.37999999999,65,75147.01999999999,12.715554123104287
2022,9,Nuevo León,950154.88,663,659116.25,44.15588752363487
2022,9,Oaxaca,127704.01999999999,84,95178.76,34.172813346170926
2022,9,Puebla,318122.88999999996,220,220012.9,44.592835238297376
2022,9,Querétaro,313833.14,203,251650.24000000002,24.71004994869069
2022,9,Quintana Roo,147766.88999999998,119,82060.45999999999,80.07075514809446
2022,9,San Luis Potosí,210720.34,143,156131.0,34.96380603467601
2022,9,Sinaloa,404937.27999999997,299,251647.09999999998,60.914741318298525
2022,9,Sonora,197791.42,120,189748.29,4.238841888904508
2022,9,Tabasco,103020.64,78,49761.03999999999,107.03072122286837
2022,9,Tamaulipas,273174.69,193,195430.55000000002,39.780955434040365
2022,9,Tlaxcala,31532.52,20,23188.14,35.98555123438103
2022,9,Veracruz,501778.58999999997,367,201060.85,149.56553700036582
2022,9,Yucatán,134034.32,108,75394.84,77.77651627087478
2022,9,Zacatecas,47005.490000000005,34,42762.06,9.923352616782278
2022,10,Aguascalientes,106384.65000000001,77,71581.58,48.620147808975446
2022,10,Baja California,238022.99,156,266955.33,-10.83789561347212
2022,10,Baja California Sur,90321.05,58,97775.3,-7.623857968218966
2022,10,Campeche,78459.28,61,63065.31,24.409568429933987
2022,10,Chiapas,159032.94,109,101371.04000000001,56.88202468870793
2022,10,Chihuahua,330773.43,204,247080.71,33.8726240506594
2022,10,Ciudad de México,2233724.84,1480,1502521.03,48.6651298318267
2022,10,Coahuila,281503.24,170,203156.27,38.56487914451275
2022,10,Colima,65724.48999999999,45,40895.5,60.71325695981218
2022,10,Durango,140269.5,87,54921.119999999995,155.40174708745926
2022,10,Guanajuato,302606.19,195,197545.71,53.182870941616514
2022,10,Guerrero,121183.91,91,64804.05,87.00051925766985
2022,10,Hidalgo,177929.83,127,78673.21,126.16317549519076
2022,10,Jalisco,1154263.91,780,818276.9400000001,41.06030044058187
2022,10,Michoacán,341537.53,225,200001.53000000003,70.76745862894148
2022,10,Morelos,111190.90000000001,82,73378.48000000001,51.53066675679299
2022,10,México,1214067.4,824,862265.84,40.79966336135964
2022,10,Nayarit,83963.68,51,83364.21,0.719097559972063
2022,10,Nuevo León,1194523.16,774,731832.08,63.22366737462506
2022,10,Oaxaca,135970.31,90,71570.8,89.98014553421227
2022,10,Puebla,364724.66000000003,238,202458.27,80.14806705599136
2022,10,Querétaro,404385.83999999997,273,208689.56,93.77387158226792
2022,10,Quintana Roo,183865.19,132,76828.82,139.31799290943164
2022,10,San Luis Potosí,191326.91,130,130142.0,47.01396167263451
2022,10,Sinaloa,384522.27,263,428919.27999999997,-10.350900990041751
2022,10,Sonora,234963.3,151,194170.35,21.008846098284305
2022,10,Tabasco,113928.04,76,63978.69,78.07185486292387
2022,10,Tamaulipas,300141.19,191,262546.5,14.319250113789368
2022,10,Tlaxcala,46220.409999999996,32,27830.420000000002,66.0787368641939
2022,10,Veracruz,433915.45000000007,302,343719.18,26.241267653437344
2022,10,Yucatán,156656.69999999998,118,78213.0,100.29496375282878
2022,10,Zacatecas,63933.27,41,43407.48,47.28629720039033
2022,11,Aguascalientes,217613.41,156,139244.68,56.281309993315375
2022,11,Baja California,587934.35,703,488762.44000000006,20.290411431778576
2022,11,Baja California Sur,268600.87,197,154207.44,74.18152457494917
2022,11,Campeche,127012.26,100,127560.55,-0.42982724674674744
2022,11,Chiapas,357852.82999999996,282,205032.33,74.53483067767897
2022,11,Chihuahua,686544.24,478,488735.57,40.473557101644964
2022,11,Ciudad de México,4860768.25,3562,3044345.86,59.66544123209444
2022,11,Coahuila,644326.87,466,418251.4600000001,54.05250946404344
2022,11,Colima,128849.52,107,121921.48000000001,5.682378527557239
2022,11,Durango,295886.63,207,164364.79,80.01825695150401
2022,11,Guanajuato,781573.91,583,519598.0,50.418960427099414
2022,11,Guerrero,216578.58,179,161785.15999999997,33.86801360520336
2022,11,Hidalgo,374041.95,273,273103.29000000004,36.95988429872081
2022,11,Jalisco,2840421.0100000002,2140,1905726.59,49.04661691266007
2022,11,Michoacán,815459.94,604,557425.49,46.29039299943029
2022,11,Morelos,231281.3,182,209208.74,10.550496121720345
2022,11,México,2921237.28,2169,2175115.79,34.302610161273286
2022,11,Nayarit,282249.09,207,138574.66,103.68016057192564
2022,11,Nuevo León,2929035.02,2127,1811465.15,61.69425174975076
2022,11,Oaxaca,291070.08,236,185527.27000000002,56.88803053049829
2022,11,Puebla,812999.3799999999,610,540644.3300000001,50.37601152683868
2022,11,Querétaro,785734.5299999999,596,476175.79,65.00934035306581
2022,11,Quintana Roo,317913.39999999997,260,256832.34,23.78246446689695
2022,11,San Luis Potosí,488814.87,348,302603.9,61.53620954653921
2022,11,Sinaloa,1291794.13,967,903310.3500000001,43.00667871236057
2022,11,Sonora,537275.91,362,403563.43000000005,33.13295260673148
2022,11,Tabasco,277887.88,228,225998.96000000005,22.95980477078299
2022,11,Tamaulipas,685200.75,503,462581.14,48.125526691382184
2022,11,Tlaxcala,90962.67,68,65648.34999999999,38.56048171812393
2022,11,Veracruz,1179645.96,919,891429.52,32.33193803139927
2022,11,Yucatán,371421.73000000004,298,325625.91,14.063936128424201
2022,11,Zacatecas,98589.32,70,88932.16,10.859018829633737
2022,12,Aguascalientes,141026.31999999998,92,92233.17,52.90195490407624
2022,12,Baja California,336773.49,-70,308284.23,9.241231703613256
2022,12,Baja California Sur,152397.46000000002,97,73348.64,107.77135063444942
2022,12,Campeche,53070.6,34,77185.36,-31.242660525260234
2022,12,Chiapas,189568.13999999998,128,155591.55000000002,21.83704063620419
2022,12,Chihuahua,372814.08,226,280634.29000000004,32.8469446837733
2022,12,Ciudad de México,1976734.01,1357,1867091.53,5.872367703365885
2022,12,Coahuila,319457.92000000004,204,267677.83,19.34418326687721
2022,12,Colima,119450.28,74,78607.07,51.958697862673155
2022,12,Durango,135935.62,76,105704.49,28.59966497165824
2022,12,Guanajuato,391143.16,257,463127.04,-15.543009537944494
2022,12,Guerrero,95255.35999999999,65,103275.03,-7.765352379950907
2022,12,Hidalgo,149001.34,89,142336.11,4.682740029919331
2022,12,Jalisco,1084005.89,722,1176441.8599999999,-7.85724931617105
2022,12,Michoacán,365684.83,237,282924.95,29.25153119228262
2022,12,Morelos,101724.55000000002,74,128643.42,-20.92518218187917
2022,12,México,1315029.59,878,1183577.22,11.106361949075035
2022,12,Nayarit,106511.64,73,99933.82,6.582176084132471
2022,12,Nuevo León,1284245.23,880,1138069.56,12.844177116906625
2022,12,Oaxaca,133773.48,94,137622.9,-2.7970781025541416
2022,12,Puebla,356897.04,237,337672.45,5.693265766869629
2022,12,Querétaro,357903.57,228,272784.85,31.20360973125892
2022,12,Quintana Roo,178945.39,128,178006.47999999998,0.5274583262362318
2022,12,San Luis Potosí,234852.4,146,205937.87,14.040414227844543
2022,12,Sinaloa,747013.57,509,436875.28,70.99012102492956
2022,12,Sonora,283743.33,173,220642.01,28.598959917016714
2022,12,Tabasco,174523.19,129,132214.2,32.00033733139102
2022,12,Tamaulipas,432659.97,277,322381.56,34.20741868734675
2022,12,Tlaxcala,31457.3,24,36243.08,-13.2046724505754
2022,12,Veracruz,612028.65,419,522784.09,17.07101683220696
2022,12,Yucatán,193233.38,132,157024.47,23.059405963923968
2022,12,Zacatecas,76355.76,47,63451.83,20.336576581006398
2023,1,Aguascalientes,107684.47,94,54621.939999999995,97.14508492375043
2023,1,Baja California,243126.75,2023,142000.13,71.21586437984246
2023,1,Baja California Sur,102529.22,93,52043.0,97.00866591088139
2023,1,Campeche,70752.45999999999,60,38729.19,82.6851013408749
2023,1,Chiapas,214302.02,182,143201.29,49.650900491189695
2023,1,Chihuahua,309632.55999999994,245,208657.51,48.39272260078246
2023,1,Ciudad de México,2598804.74,2290,1791796.99,45.03901694800817
2023,1,Coahuila,312786.1,257,177111.2,76.60435929517723
2023,1,Colima,100930.01000000001,83,48450.87,108.31413347170032
2023,1,Durango,105528.36,90,89277.43000000001,18.20273052214876
2023,1,Guanajuato,363792.96,303,249712.3,45.68483811169896
2023,1,Guerrero,169164.35,154,78829.22,114.59599625621057
2023,1,Hidalgo,198863.05000000002,169,142368.9,39.68152454644239
2023,1,Jalisco,1193550.55,1084,897938.89,32.92113341922411
2023,1,Michoacán,414885.92000000004,339,302806.82,37.013400160538005
2023,1,Morelos,131733.74,122,80822.94,62.99053214347311
2023,1,México,1809187.6,1577,1003296.09,80.32439456631393
2023,1,Nayarit,144446.66999999998,130,69998.14,106.35786893766033
2023,1,Nuevo León,1305285.66,1173,825752.37,58.072287458284855
2023,1,Oaxaca,184315.55,155,76070.36,142.2961453054777
2023,1,Puebla,517242.31,440,266017.66,94.43908723954645
2023,1,Querétaro,400170.32,343,246872.55999999997,62.095908917540314
2023,1,Quintana Roo,175146.15,157,112438.69,55.77035805024053
2023,1,San Luis Potosí,236055.72,184,171649.4,37.52201871955277
2023,1,Sinaloa,565489.29,528,326465.19999999995,73.21579451653656
2023,1,Sonora,187982.26,157,120076.92999999998,56.5515207625645
2023,1,Tabasco,150312.93,147,93179.28,61.315831159030196
2023,1,Tamaulipas,361226.5,295,317864.89,13.641522346176698
2023,1,Tlaxcala,62878.51,67,23436.27,168.2957228262006
2023,1,Veracruz,662811.03,583,341299.55,94.2021400262614
2023,1,Yucatán,206218.19,184,161223.89,27.907960786704738
2023,1,Zacatecas,86806.02,73,66456.41,30.62098900617713
2023,2,Aguascalientes,105405.77,83,86176.06,22.314445566436905
2023,2,Baja California,232454.38,-1647,227615.68,2.1258201543935864
2023,2,Baja California Sur,115784.26000000001,90,82478.98000000001,40.38032478093206
2023,2,Campeche,88320.6,66,63094.490000000005,39.9814785728516
2023,2,Chiapas,232509.01,184,155464.47,49.557651339884934
2023,2,Chihuahua,362303.72000000003,275,232210.36,56.023925892023094
2023,2,Ciudad de México,2307566.56,1869,1745515.15,32.199744012534076
2023,2,Coahuila,309273.83,238,217621.33,42.11558673959029
2023,2,Colima,84130.25,77,42862.59,96.2789696096293
2023,2,Durango,120712.99,87,99474.87,21.350236496916267
2023,2,Guanajuato,385502.35000000003,319,320126.99,20.421695777666248
2023,2,Guerrero,158572.03,134,82807.74,91.49421298057403
2023,2,Hidalgo,184000.28000000003,144,146597.59,25.513850534650693
2023,2,Jalisco,1184313.7,958,938242.59,26.226810914648418
2023,2,Michoacán,400704.62,312,313089.43,27.98407790387558
2023,2,Morelos,142726.26,119,90071.6,58.45867065756576
2023,2,México,1492126.28,1173,1113491.64,34.004264279882705
2023,2,Nayarit,142607.16999999998,113,95101.27,49.95296067024129
2023,2,Nuevo León,1303101.1500000001,1041,964314.19,35.13242504499495
2023,2,Oaxaca,144862.27,110,112044.63,29.289792826305007
2023,2,Puebla,413385.1,346,277784.56,48.81500253289815
2023,2,Querétaro,380267.06000000006,320,268879.2,41.42672992183852
2023,2,Quintana Roo,214046.62,189,183927.97,16.37524189496573
2023,2,San Luis Potosí,259505.08,207,154523.3,67.93912633240424
2023,2,Sinaloa,587070.62,476,411641.86,42.61684173713529
2023,2,Sonora,187600.51,140,167445.39,12.036831829171286
2023,2,Tabasco,164940.93,144,114720.87,43.77587094658539
2023,2,Tamaulipas,343036.97000000003,245,359295.56,-4.525129673186044
2023,2,Tlaxcala,40937.78,36,17482.79,134.16045150688188
2023,2,Veracruz,689062.22,550,532934.57,29.295838324017907
2023,2,Yucatán,281834.57,233,169934.27,65.84916626881677
2023,2,Zacatecas,41845.09,40,53828.03,-22.26152433964238
2023,3,Aguascalientes,125398.39000000001,100,91135.55,37.59547179997269
2023,3,Baja California,258775.71,216,167985.16999999998,54.04675900854821
2023,3,Baja California Sur,148098.55000000002,115,100808.63,46.91058692098088
2023,3,Campeche,40213.33,32,43686.97,-7.951203757092788
2023,3,Chiapas,204184.13999999998,165,117393.03,73.93208097618742
2023,3,Chihuahua,372429.22000000003,296,164328.55,126.63695383425464
2023,3,Ciudad de México,2677891.46,2337,1611741.83,66.14890860033084
2023,3,Coahuila,262738.23,224,186817.07,40.639305605210474
2023,3,Colima,82036.54,69,74459.24,10.176440157057725
2023,3,Durango,116699.59,98,58108.55,100.83032531357259
2023,3,Guanajuato,372248.15,293,228917.74,62.612189863485476
2023,3,Guerrero,124119.68,106,72031.34,72.31344023309853
2023,3,Hidalgo,289692.21,247,141810.02,104.28190476244205
2023,3,Jalisco,1126431.32,926,1074850.34,4.798898793668333
2023,3,Michoacán,363021.48,302,273727.82,32.62133165711836
2023,3,Morelos,131102.34,113,103155.11,27.09243390850923
2023,3,México,1816249.1800000002,1554,938211.9500000001,93.5862338994936
2023,3,Nayarit,126630.31,97,101380.18999999999,24.906364843072414
2023,3,Nuevo León,1274175.16,1030,925644.9,37.6526959744498
2023,3,Oaxaca,178951.61,151,134669.93,32.88163883355401
2023,3,Puebla,506225.08999999997,430,280760.75999999995,80.304786894009
2023,3,Querétaro,413395.31,342,245063.04,68.68937478291299
2023,3,Quintana Roo,187294.65,157,150742.74,24.247874225982628
2023,3,San Luis Potosí,210193.44999999998,168,158967.50999999998,32.22415699912518
2023,3,Sinaloa,468316.99,368,458567.02999999997,2.1261798956632405
2023,3,Sonora,183325.64,144,176813.92,3.6828095887473116
2023,3,Tabasco,156169.47,126,102802.82,51.91165962178857
2023,3,Tamaulipas,310003.36,230,250401.68000000002,23.802428162622537
2023,3,Tlaxcala,65617.34,55,34283.55,91.39599020521501
2023,3,Veracruz,485636.0,384,381241.79,27.382677539101895
2023,3,Yucatán,170412.14,151,144170.64,18.201694880455545
2023,3,Zacatecas,96480.71,75,53917.74,78.94056761281169
2023,4,Aguascalientes,125501.98999999999,95,89879.94,39.632925878677696
2023,4,Baja California,175214.16,140,242364.81,-27.706435600118677
2023,4,Baja California Sur,124826.48999999999,101,142497.57,-12.400969363898637
2023,4,Campeche,46952.58,40,78824.89,-40.434322204572695
2023,4,Chiapas,169900.12,135,144257.92,17.77524589291179
2023,4,Chihuahua,404957.41,295,228498.48,77.22542837046441
2023,4,Ciudad de México,2027837.37,1608,1852699.53,9.453116231966662
2023,4,Coahuila,305371.49,234,231508.74,31.904950975069017
2023,4,Colima,83465.67000000001,65,93416.25,-10.651872666693416
2023,4,Durango,105966.93000000001,77,114880.87999999999,-7.759298153008563
2023,4,Guanajuato,421895.35,331,289056.98,45.955773148948005
2023,4,Guerrero,126836.06999999999,100,152983.08000000002,-17.091439131700067
2023,4,Hidalgo,172520.16,131,111153.27,55.20925295315199
2023,4,Jalisco,1134660.82,897,1098978.85,3.2468295454457534
2023,4,Michoacán,380241.83999999997,290,368809.27,3.099859718818876
2023,4,Morelos,128805.55000000002,108,125092.06999999999,2.9685974498623495
2023,4,México,1345071.58,1079,1119639.44,20.1343514658612
2023,4,Nayarit,105574.4,84,120472.92000000001,-12.366696183673492
2023,4,Nuevo León,1263626.55,988,1231601.0,2.6003186096795994
2023,4,Oaxaca,125365.45999999999,99,114492.36,9.496790877574705
2023,4,Puebla,294311.84,236,339719.52,-13.366226350490543
2023,4,Querétaro,318403.83999999997,256,312301.94,1.9538463321745505
2023,4,Quintana Roo,217374.36000000002,168,188277.35,15.454333726282002
2023,4,San Luis Potosí,214226.16,159,194665.09999999998,10.048570596372965
2023,4,Sinaloa,431315.56,349,461765.5,-6.594243181874783
2023,4,Sonora,150850.0,116,196558.72999999998,-23.25448989215589
2023,4,Tabasco,195414.22,145,121520.69,60.80736539596673
2023,4,Tamaulipas,337889.25,260,294975.47,14.548253792086518
2023,4,Tlaxcala,37286.229999999996,29,28277.789999999997,31.856944973422603
2023,4,Veracruz,670584.0399999999,540,536624.96,24.9632592565206
2023,4,Yucatán,190892.43,146,171487.71,11.31551642971966
2023,4,Zacatecas,76630.23999999999,56,41716.450000000004,83.6930994847356
2023,5,Aguascalientes,171062.47999999998,139,149147.03,14.693856123048498
2023,5,Baja California,311128.02,243,316320.24,-1.6414441263701534
2023,5,Baja California Sur,169687.94,152,115285.92,47.188780728817534
2023,5,Campeche,81867.05,62,77454.6,5.696821105525038
2023,5,Chiapas,187271.96,155,232058.99,-19.29984699149126
2023,5,Chihuahua,476183.01,376,346269.69,37.51795890653901
2023,5,Ciudad de México,2576056.7,2150,3367925.98,-23.512074929865285
2023,5,Coahuila,362270.25,296,379129.37,-4.44679872730514
2023,5,Colima,89777.85,70,139579.37,-35.67971398638638
2023,5,Durango,108910.12,88,157311.44999999998,-30.767836670503
2023,5,Guanajuato,444796.62000000005,369,467124.9,-4.7799378710062275
2023,5,Guerrero,165878.91,140,122430.95,35.48772593858008
2023,5,Hidalgo,240015.14,188,211884.7,13.276296023261708
2023,5,Jalisco,1407580.73,1189,1687937.92,-16.609449120024504
2023,5,Michoacán,409487.52999999997,329,506160.2,-19.099223921596373
2023,5,Morelos,152278.47999999998,119,154972.69,-1.7385063135962993
2023,5,México,1794869.05,1521,1878469.97,-4.450479450571144
2023,5,Nayarit,153991.28,131,129249.18,19.142945433000044
2023,5,Nuevo León,1451245.8,1190,1637661.18,-11.383024906287385
2023,5,Oaxaca,154410.11,124,159522.15,-3.2045957254212083
2023,5,Puebla,557990.97,457,521361.06000000006,7.02582390790749
2023,5,Querétaro,443521.7,365,447288.07,-0.8420457089320526
2023,5,Quintana Roo,233226.32,210,262017.34,-10.98821169621827
2023,5,San Luis Potosí,272706.77999999997,226,292576.96,-6.7914370290811865
2023,5,Sinaloa,575659.19,490,622332.04,-7.499670111794356
2023,5,Sonora,262612.04,217,336126.77999999997,-21.871134457064088
2023,5,Tabasco,205919.41999999998,171,210673.57,-2.2566428242517667
2023,5,Tamaulipas,400961.41,313,327922.58,22.273193264092992
2023,5,Tlaxcala,55178.34,54,52463.31,5.1751023715430815
2023,5,Veracruz,697751.91,572,711481.14,-1.9296688595287264
2023,5,Yucatán,280816.65,231,274519.57,2.2938546785571665
2023,5,Zacatecas,65192.090000000004,49,56497.71000000001,15.388906913218245
2023,6,Aguascalientes,99398.02000000002,70,58497.46,69.91852295809086
2023,6,Baja California,230584.38,175,138364.63999999998,66.64978855869536
2023,6,Baja California Sur,114771.21,86,32027.15,258.3559885909298
2023,6,Campeche,93743.43,83,22221.87,321.85212135612346
2023,6,Chiapas,246852.01,196,70772.34,248.79729849260323
2023,6,Chihuahua,415199.95999999996,334,117475.37,253.43575423512178
2023,6,Ciudad de México,2296047.77,1961,1258276.4,82.47562856618785
2023,6,Coahuila,325052.63,255,168981.37000000002,92.36003945286984
2023,6,Colima,63470.94,51,63643.64,-0.2713546868155201
2023,6,Durango,134922.06,111,60061.67,124.639208333701
2023,6,Guanajuato,399756.18,317,158601.68000000002,152.0504070322584
2023,6,Guerrero,108038.94,97,60731.85,77.8950254273499
2023,6,Hidalgo,227402.85,187,92751.86,145.17335824855695
2023,6,Jalisco,1294811.15,1043,591071.91,119.06152671000723
2023,6,Michoacán,472070.2,374,187060.09,152.3628637193535
2023,6,Morelos,168770.07,137,94417.57,78.74858461195305
2023,6,México,1534355.35,1282,733695.4700000001,109.12700333286777
2023,6,Nayarit,109534.05,88,31988.600000000002,242.41589191149347
2023,6,Nuevo León,1170882.8099999998,945,492500.78,137.74232601215368
2023,6,Oaxaca,179105.66,142,90315.45,98.31120810448269
2023,6,Puebla,430727.36000000004,355,217732.98,97.82366456381575
2023,6,Querétaro,432180.10000000003,334,194739.96999999997,121.92675699806263
2023,6,Quintana Roo,240019.57,200,134942.62,77.86787450843923
2023,6,San Luis Potosí,248932.37,183,102725.01000000001,142.32888368665039
2023,6,Sinaloa,544064.6799999999,449,180665.06,201.1454898916259
2023,6,Sonora,228456.34999999998,190,71041.89,221.5797749750182
2023,6,Tabasco,206727.51,173,100026.18,106.67340290311999
2023,6,Tamaulipas,290531.02,229,184172.32,57.749557588241274
2023,6,Tlaxcala,57385.47,52,19008.46,201.89436703446782
2023,6,Veracruz,606707.11,495,230799.52000000002,162.87191151870678
2023,6,Yucatán,214320.99,182,91919.26999999999,133.16219765452882
2023,6,Zacatecas,73441.1,62,30268.170000000002,142.63475459533893
2023,7,Aguascalientes,188589.52,166,97995.71,92.44671016721036
2023,7,Baja California,243399.18,208,173501.72,40.28632108085153
2023,7,Baja California Sur,151241.27,141,91011.65,66.17792337574365
2023,7,Campeche,121988.94,110,66213.05,84.23700463881364
2023,7,Chiapas,270525.4,252,155893.65,73.5320200662439
2023,7,Chihuahua,490145.39,409,214317.27,128.70083684809907
2023,7,Ciudad de México,2899607.9299999997,2607,2192663.06,32.24138185645357
2023,7,Coahuila,351222.98,303,244867.78,43.43372574374627
2023,7,Colima,132079.38,110,130122.46999999999,1.5038985964530325
2023,7,Durango,164941.53,152,128030.85,28.829520385125925
2023,7,Guanajuato,488688.5,404,386048.82,26.587228009141434
2023,7,Guerrero,204270.01,196,123318.97,65.64362319925313
2023,7,Hidalgo,318656.62,265,186481.29,70.8786012795171
2023,7,Jalisco,1619117.3800000001,1458,1349096.82,20.014913384793246
2023,7,Michoacán,484069.06999999995,405,403957.15,19.831786614000997
2023,7,Morelos,147740.58,138,156635.41,-5.67868402170366
2023,7,México,1987620.0899999999,1782,1374949.45,44.55950289663376
2023,7,Nayarit,178509.35,166,107954.16,65.356619883847
2023,7,Nuevo León,1394304.16,1275,962333.49,44.88783508926827
2023,7,Oaxaca,190192.13,165,124519.36,52.7410115182089
2023,7,Puebla,503553.47000000003,447,371718.8,35.466236843549495
2023,7,Querétaro,424202.68,382,366485.27999999997,15.748899928531927
2023,7,Quintana Roo,217118.52000000002,201,185399.16,17.10868592932137
2023,7,San Luis Potosí,257196.69,216,184645.66,39.292031017680024
2023,7,Sinaloa,591672.6799999999,554,351325.12,68.41172074459121
2023,7,Sonora,186056.32,159,142158.97,30.879057438303054
2023,7,Tabasco,242696.24,234,150582.06,61.17208118948565
2023,7,Tamaulipas,302507.76,267,275371.86,9.854274870351686
2023,7,Tlaxcala,69441.81,58,33388.3,107.982466912062
2023,7,Veracruz,772811.03,692,414760.04,86.3272628674643
2023,7,Yucatán,272258.43,247,192710.13,41.27873298616942
2023,7,Zacatecas,75206.93,64,65214.48,15.322440660417733
2023,8,Aguascalientes,200450.92,158,107102.22000000002,87.15851081331459
2023,8,Baja California,268885.81,217,194183.76,38.46977213748461
2023,8,Baja California Sur,141745.97,106,94459.75,50.059649744997216
2023,8,Campeche,72272.76,63,47591.01,51.86221095118593
2023,8,Chiapas,273287.13999999996,239,213019.36,28.29216086274974
2023,8,Chihuahua,469906.49,352,331201.38,41.87938770061888
2023,8,Ciudad de México,3074748.04,2575,2609301.8200000003,17.837960194271417
2023,8,Coahuila,377106.28,300,329890.07,14.312710291643521
2023,8,Colima,121003.12000000001,93,84872.51000000001,42.57045066771325
2023,8,Durango,183367.61000000002,137,152351.0,20.35865206004556
2023,8,Guanajuato,552308.3,444,483104.76,14.324748114673936
2023,8,Guerrero,179614.19,155,91980.83,95.27350427257505
2023,8,Hidalgo,227407.74,186,201541.88999999998,12.833982057030429
2023,8,Jalisco,1623513.44,1328,1450928.29,11.89480908115727
2023,8,Michoacán,571924.11,444,548694.52,4.233610716578683
2023,8,Morelos,144723.31,128,133859.82,8.115571946832134
2023,8,México,2087919.3699999999,1727,1739335.23,20.04122805009819
2023,8,Nayarit,130720.43,105,120050.40999999999,8.887949653816264
2023,8,Nuevo León,1371256.77,1127,1233170.52,11.197660644693322
2023,8,Oaxaca,186652.67,153,142650.58,30.846064558587866
2023,8,Puebla,576715.85,478,504720.70999999996,14.264352259292078
2023,8,Querétaro,565426.38,475,389344.35,45.225269096623606
2023,8,Quintana Roo,247236.69,202,169050.17,46.250482918769016
2023,8,San Luis Potosí,286825.33999999997,209,209829.02,36.69479083493788
2023,8,Sinaloa,554823.42,469,539683.54,2.8053255061290185
2023,8,Sonora,267889.58999999997,214,204495.66,31.000134672784725
2023,8,Tabasco,192809.25,174,143529.47,34.334259020116214
2023,8,Tamaulipas,398700.67,314,322607.55,23.58689993461095
2023,8,Tlaxcala,58997.86,48,35416.009999999995,66.58528162828057
2023,8,Veracruz,792035.0800000001,674,572184.48,38.4230274823253
2023,8,Yucatán,211956.99,198,172489.65,22.880990250719393
2023,8,Zacatecas,105175.96,82,56299.62,86.81468898013877
2023,9,Aguascalientes,126487.29000000001,104,136451.19,-7.302171567723223
2023,9,Baja California,232227.28,149,139398.03,66.59294252580183
2023,9,Baja California Sur,86462.01999999999,70,62414.97,38.527696160071834
2023,9,Campeche,57254.95,46,46069.369999999995,24.279863171560635
2023,9,Chiapas,146177.59,123,122161.29,19.659500976127546
2023,9,Chihuahua,406386.17,276,282583.10000000003,43.811208101262935
2023,9,Ciudad de México,2201064.9299999997,1684,1892820.2600000002,16.284941392163642
2023,9,Coahuila,310509.64,218,254062.38999999998,22.217869398142728
2023,9,Colima,75193.03,63,54827.49,37.14476077602677
2023,9,Durango,133356.00999999998,98,73491.04000000001,81.45886899954058
2023,9,Guanajuato,388973.83,280,320612.55,21.322084865361642
2023,9,Guerrero,99648.47,93,97364.1,2.346213850895756
2023,9,Hidalgo,188199.25,141,185383.3,1.5189879563045925
2023,9,Jalisco,1266874.8,905,1044233.7,21.32100314326191
2023,9,Michoacán,423073.0,315,325330.07,30.04423476747784
2023,9,Morelos,117873.01,83,118904.98,-0.8678946836373054
2023,9,México,1452408.43,1123,1238301.61,17.29036111000452
2023,9,Nayarit,110866.65,82,84702.37999999999,30.88965150684078
2023,9,Nuevo León,893889.69,673,950154.88,-5.921686157103152
2023,9,Oaxaca,132838.51,111,127704.01999999999,4.020617361928012
2023,9,Puebla,364458.75,287,318122.88999999996,14.565396410173456
2023,9,Querétaro,387101.00000000006,293,313833.14,23.346119533456548
2023,9,Quintana Roo,129781.36,125,147766.88999999998,-12.171556158487187
2023,9,San Luis Potosí,218670.87000000002,146,210720.34,3.773024474049362
2023,9,Sinaloa,392504.92,318,404937.27999999997,-3.0701939816457466
2023,9,Sonora,228883.59,157,197791.42,15.719675807979932
2023,9,Tabasco,145673.28,129,103020.64,41.402033611905345
2023,9,Tamaulipas,212940.46,158,273174.69,-22.049711120748416
2023,9,Tlaxcala,52395.45,37,31532.52,66.16321816334374
2023,9,Veracruz,487175.58,383,501778.58999999997,-2.910249717908441
2023,9,Yucatán,146290.78999999998,117,134034.32,9.14427737612275
2023,9,Zacatecas,86178.67,57,47005.490000000005,83.3374569651332
2023,10,Aguascalientes,186354.01,136,106384.65000000001,75.1700174790254
2023,10,Baja California,345694.17,241,238022.99,45.23562198760716
2023,10,Baja California Sur,157586.12,113,90321.05,74.47330384223831
2023,10,Campeche,90502.14,64,78459.28,15.34918495301002
2023,10,Chiapas,228197.97,171,159032.94,43.4910088438282
2023,10,Chihuahua,550550.2899999999,376,330773.43,66.443323455575
2023,10,Ciudad de México,3107456.1599999997,2290,2233724.84,39.11544091527405
2023,10,Coahuila,516810.99,368,281503.24,83.58971285730141
2023,10,Colima,80058.45,55,65724.48999999999,21.80916124263575
2023,10,Durango,224747.32,152,140269.5,60.22536617012252
2023,10,Guanajuato,528170.03,385,302606.19,74.54039191994057
2023,10,Guerrero,117244.87999999999,94,121183.91,-3.250456269318273
2023,10,Hidalgo,315865.41000000003,225,177929.83,77.5224592750974
2023,10,Jalisco,1602571.5,1156,1154263.91,38.839262504534176
2023,10,Michoacán,575417.76,421,341537.53,68.47863249464852
2023,10,Morelos,162178.34,122,111190.90000000001,45.855766973736145
2023,10,México,1975400.94,1482,1214067.4,62.7093306351855
2023,10,Nayarit,139508.78,97,83963.68,66.15372265722513
2023,10,Nuevo León,1625475.74,1164,1194523.16,36.07737333447768
2023,10,Oaxaca,186569.16000000003,138,135970.31,37.21316072604382
2023,10,Puebla,582811.47,420,364724.66000000003,59.794917623612264
2023,10,Querétaro,488812.45,354,404385.83999999997,20.87773647069345
2023,10,Quintana Roo,188436.56,137,183865.19,2.4862618095355598
2023,10,San Luis Potosí,363020.06,250,191326.91,89.73810845531347
2023,10,Sinaloa,614079.28,451,384522.27,59.699275675242426
2023,10,Sonora,300405.17,213,234963.3,27.851953900885796
2023,10,Tabasco,132870.59,113,113928.04,16.626767212005056
2023,10,Tamaulipas,450062.33,316,300141.19,49.95020510180559
2023,10,Tlaxcala,86871.12,64,46220.409999999996,87.94969581619895
2023,10,Veracruz,747806.09,585,433915.45000000007,72.33912505304889
2023,10,Yucatán,146794.11000000002,124,156656.69999999998,-6.295670724584373
2023,10,Zacatecas,108616.19,74,63933.27,69.88993367615954
2023,11,Aguascalientes,273289.16000000003,208,217613.41,25.584705464612696
2023,11,Baja California,427709.26,331,587934.35,-27.25220766570281
2023,11,Baja California Sur,230522.05000000002,179,268600.87,-14.1767299562358
2023,11,Campeche,102567.26,83,127012.26,-19.24617355836358
2023,11,Chiapas,414689.00999999995,337,357852.82999999996,15.882557083592157
2023,11,Chihuahua,834554.6899999998,595,686544.24,21.558763642092437
2023,11,Ciudad de México,4401475.87,3474,4860768.25,-9.448966837701013
2023,11,Coahuila,630016.41,482,644326.87,-2.2209938256959485
2023,11,Colima,126894.11,105,128849.52,-1.517591994133935
2023,11,Durango,259291.18000000002,200,295886.63,-12.368064755071895
2023,11,Guanajuato,810697.56,638,781573.91,3.7262822654865775
2023,11,Guerrero,167159.88999999998,137,216578.58,-22.81790286001506
2023,11,Hidalgo,407068.74000000005,315,374041.95,8.829702122983809
2023,11,Jalisco,2559661.73,2010,2840421.0100000002,-9.884424844470512
2023,11,Michoacán,805681.5599999999,621,815459.94,-1.199124508801745
2023,11,Morelos,202426.74,168,231281.3,-12.475958929667033
2023,11,México,2942243.38,2336,2921237.28,0.719082292418235
2023,11,Nayarit,212018.93000000002,157,282249.09,-24.882333544458902
2023,11,Nuevo León,2265143.58,1765,2929035.02,-22.665875807794198
2023,11,Oaxaca,291861.5,232,291070.08,0.2719001554539662
2023,11,Puebla,887118.21,695,812999.3799999999,9.116714209548363
2023,11,Querétaro,782416.32,606,785734.5299999999,-0.4223067554381202
2023,11,Quintana Roo,353346.29000000004,299,317913.39999999997,11.145453447385382
2023,11,San Luis Potosí,522646.07,405,488814.87,6.921066046947387
2023,11,Sinaloa,991489.0399999999,770,1291794.13,-23.24713226557238
2023,11,Sonora,498066.33999999997,377,537275.91,-7.29784627790218
2023,11,Tabasco,294502.37000000005,244,277887.88,5.9788465765401675
2023,11,Tamaulipas,570968.01,437,685200.75,-16.671426585566344
2023,11,Tlaxcala,104477.17000000001,90,90962.67,14.857193615798673
2023,11,Veracruz,1240142.41,1006,1179645.96,5.128356477395977
2023,11,Yucatán,324389.9,285,371421.73000000004,-12.662649005484955
2023,11,Zacatecas,143164.87,108,98589.32,45.21336591022231
2023,12,Aguascalientes,203916.04,165,141026.31999999998,44.59431402592086
2023,12,Baja California,389018.77,307,336773.49,15.513477619630937
2023,12,Baja California Sur,213593.91,173,152397.46000000002,40.15582018230486
2023,12,Campeche,132667.99,102,53070.6,149.98396475638108
2023,12,Chiapas,340102.53,280,189568.13999999998,79.40911906399465
2023,12,Chihuahua,653121.2899999999,521,372814.08,75.18686257772235
2023,12,Ciudad de México,3090444.55,2569,1976734.01,56.340940883594136
2023,12,Coahuila,578897.57,455,319457.92000000004,81.21246453993061
2023,12,Colima,124016.01000000001,96,119450.28,3.822284887067666
2023,12,Durango,262659.95,207,135935.62,93.2237849064138
2023,12,Guanajuato,720190.4500000001,587,391143.16,84.12451594449463
2023,12,Guerrero,228823.65,190,95255.35999999999,140.2212851854216
2023,12,Hidalgo,328571.81999999995,283,149001.34,120.51601683582172
2023,12,Jalisco,2172631.3000000003,1770,1084005.89,100.42615266601554
2023,12,Michoacán,563061.84,477,365684.83,53.974623448284675
2023,12,Morelos,214439.88999999998,171,101724.55000000002,110.80446165650272
2023,12,México,2211934.22,1862,1315029.59,68.20414056234279
2023,12,Nayarit,211209.81,169,106511.64,98.29739735488064
2023,12,Nuevo León,1964248.01,1590,1284245.23,52.949605271261156
2023,12,Oaxaca,227185.7,190,133773.48,69.82865363149706
2023,12,Puebla,555445.02,459,356897.04,55.631725048770384
2023,12,Querétaro,563265.18,468,357903.57,57.379033687761215
2023,12,Quintana Roo,252703.77000000002,220,178945.39,41.21837394078718
2023,12,San Luis Potosí,501950.36000000004,383,234852.4,113.73013858917349
2023,12,Sinaloa,860538.65,684,747013.57,15.197191130008534
2023,12,Sonora,403548.51999999996,316,283743.33,42.223085913596606
2023,12,Tabasco,277215.44,246,174523.19,58.84160723855666
2023,12,Tamaulipas,527984.06,413,432659.97,22.03210294680141
2023,12,Tlaxcala,64404.329999999994,63,31457.3,104.73572112037589
2023,12,Veracruz,963560.5100000001,822,612028.65,57.43715755790192
2023,12,Yucatán,271686.75,229,193233.38,40.60031967561712
2023,12,Zacatecas,147220.44,120,76355.76,92.80855825415138
2024,1,Aguascalientes,198186.53000000003,180,107684.47,84.04374372646308
2024,1,Baja California,287843.67000000004,252,243126.75,18.392431108465047
2024,1,Baja California Sur,157111.8,130,102529.22,53.236121371058886
2024,1,Campeche,90550.65000000001,83,70752.45999999999,27.982334465826376
2024,1,Chiapas,284808.33,273,214302.02,32.900441162430496
2024,1,Chihuahua,414498.08999999997,410,309632.55999999994,33.86773341925024
2024,1,Ciudad de México,3339914.9,3129,2598804.74,28.5173467861229
2024,1,Coahuila,362361.2,319,312786.1,15.849521446125655
2024,1,Colima,114895.69,95,100930.01000000001,13.836994566829025
2024,1,Durango,215780.18,197,105528.36,104.4760100507579
2024,1,Guanajuato,568335.55,493,363792.96,56.22499951620834
2024,1,Guerrero,208513.28,191,169164.35,23.260769778029466
2024,1,Hidalgo,316692.65,294,198863.05000000002,59.251630707665406
2024,1,Jalisco,1707081.7599999998,1597,1193550.55,43.0255098956638
2024,1,Michoacán,616033.9600000001,543,414885.92000000004,48.48273472380071
2024,1,Morelos,238336.28999999998,218,131733.74,80.92273854822614
2024,1,México,2323177.23,2214,1809187.6,28.409968651122743
2024,1,Nayarit,154073.6,143,144446.66999999998,6.66469500473775
2024,1,Nuevo León,1663596.98,1506,1305285.66,27.45079724540911
2024,1,Oaxaca,223143.13,209,184315.55,21.065818917611683
2024,1,Puebla,628002.48,577,517242.31,21.41359433647259
2024,1,Querétaro,541798.17,507,400170.32,35.39189263211725
2024,1,Quintana Roo,246802.74000000002,243,175146.15,40.9124551124875
2024,1,San Luis Potosí,409027.7,333,236055.72,73.27591129755298
2024,1,Sinaloa,596401.02,550,565489.29,5.466368779504202
2024,1,Sonora,232738.03,220,187982.26,23.808507249567054
2024,1,Tabasco,204465.59999999998,213,150312.93,36.026621262721704
2024,1,Tamaulipas,424912.31999999995,389,361226.5,17.63043962721449
2024,1,Tlaxcala,50234.88,53,62878.51,-20.1080305497061
2024,1,Veracruz,1024345.64,949,662811.03,54.54565383439681
2024,1,Yucatán,333563.07,327,206218.19,61.75249622741815
2024,1,Zacatecas,123103.94,100,86806.02,41.8149801131304
2024,2,Aguascalientes,173736.73,141,105405.77,64.82658397163648
2024,2,Baja California,186448.22,176,232454.38,-19.791479085057464
2024,2,Baja California Sur,129473.03,117,115784.26000000001,11.822651887225422
2024,2,Campeche,96236.19,88,88320.6,8.962337212383064
2024,2,Chiapas,220274.56999999998,203,232509.01,-5.261920817606178
2024,2,Chihuahua,395699.53,334,362303.72000000003,9.217628237435706
2024,2,Ciudad de México,2595305.96,2392,2307566.56,12.469386798532906
2024,2,Coahuila,370926.36,328,309273.83,19.934609404229246
2024,2,Colima,102179.9,89,84130.25,21.454411463177625
2024,2,Durango,130455.82,113,120712.99,8.071070064621878
2024,2,Guanajuato,504054.76999999996,422,385502.35000000003,30.752710067785554
2024,2,Guerrero,181865.05,163,158572.03,14.689236178662776
2024,2,Hidalgo,218530.86000000002,197,184000.28000000003,18.766591007361498
2024,2,Jalisco,1420935.48,1299,1184313.7,19.97965403929719
2024,2,Michoacán,647942.95,569,400704.62,61.70089329142249
2024,2,Morelos,121090.28,113,142726.26,-15.159074440821199
2024,2,México,1793543.86,1644,1492126.28,20.200540935449514
2024,2,Nayarit,156224.7,135,142607.16999999998,9.54897990051975
2024,2,Nuevo León,1326722.78,1169,1303101.1500000001,1.812724207940411
2024,2,Oaxaca,186384.21,168,144862.27,28.66304663043041
2024,2,Puebla,497109.12,451,413385.1,20.25327473099539
2024,2,Querétaro,435506.12,400,380267.06000000006,14.526385745849227
2024,2,Quintana Roo,203125.75,185,214046.62,-5.102098785769192
2024,2,San Luis Potosí,295705.44999999995,258,259505.08,13.949773160509988
2024,2,Sinaloa,495093.3,441,587070.62,-15.667164539761844
2024,2,Sonora,268221.47000000003,235,187600.51,42.97480854396399
2024,2,Tabasco,199170.05,180,164940.93,20.752350553619404
2024,2,Tamaulipas,383966.29000000004,321,343036.97000000003,11.931460332103564
2024,2,Tlaxcala,59885.780000000006,53,40937.78,46.284874265287485
2024,2,Veracruz,707379.12,646,689062.22,2.6582360008070136
2024,2,Yucatán,265437.1,237,281834.57,-5.818118763784027
2024,2,Zacatecas,70229.36,66,41845.09,67.83178145870879
2024,3,Aguascalientes,187111.66,163,125398.39000000001,49.213765822671235
2024,3,Baja California,199473.4,154,258775.71,-22.91649011416102
2024,3,Baja California Sur,153577.84,125,148098.55000000002,3.699759383194487
2024,3,Campeche,124231.37,96,40213.33,208.930819705804
2024,3,Chiapas,219019.75999999998,183,204184.13999999998,7.265804288227281
2024,3,Chihuahua,394294.05,315,372429.22000000003,5.870868563964975
2024,3,Ciudad de México,2068836.6500000001,1773,2677891.46,-22.74381987087706
2024,3,Coahuila,357858.81,281,262738.23,36.20355515069125
2024,3,Colima,81306.62,70,82036.54,-0.8897498602452009
2024,3,Durango,123890.92,100,116699.59,6.162258153606197
2024,3,Guanajuato,394725.36,322,372248.15,6.03823282936395
2024,3,Guerrero,164617.99,129,124119.68,32.628435716237746
2024,3,Hidalgo,213768.14999999997,173,289692.21,-26.208526629003952
2024,3,Jalisco,1257989.71,1059,1126431.32,11.679219821409076
2024,3,Michoacán,393843.89,330,363021.48,8.490519624348408
2024,3,Morelos,184667.37,141,131102.34,40.85741719026525
2024,3,México,1536888.9400000002,1233,1816249.1800000002,-15.381162622190416
2024,3,Nayarit,164245.34999999998,130,126630.31,29.70461021535838
2024,3,Nuevo León,1099362.76,912,1274175.16,-13.719652170899321
2024,3,Oaxaca,202548.92,161,178951.61,13.186419501897765
2024,3,Puebla,397622.18,321,506225.08999999997,-21.453482283938154
2024,3,Querétaro,322519.66,272,413395.31,-21.98274818357277
2024,3,Quintana Roo,175825.52,157,187294.65,-6.123575873630135
2024,3,San Luis Potosí,240680.94,198,210193.44999999998,14.504490981997783
2024,3,Sinaloa,514129.18,425,468316.99,9.782303648646188
2024,3,Sonora,259430.61000000002,210,183325.64,41.51354387744126
2024,3,Tabasco,122069.05,101,156169.47,-21.83552265369153
2024,3,Tamaulipas,314464.06,262,310003.36,1.4389198878360583
2024,3,Tlaxcala,71425.4,53,65617.34,8.851410313188554
2024,3,Veracruz,726873.76,610,485636.0,49.67460402441335
2024,3,Yucatán,247074.68999999997,204,170412.14,44.986554361678664
2024,3,Zacatecas,76785.09,60,96480.71,-20.41404960639283
2024,4,Aguascalientes,175928.87,144,125501.98999999999,40.180143757083066
2024,4,Baja California,239670.22999999998,203,175214.16,36.78702109464211
2024,4,Baja California Sur,178126.83000000002,150,124826.48999999999,42.699542380787946
2024,4,Campeche,81996.78,63,46952.58,74.63743206443607
2024,4,Chiapas,182762.14,155,169900.12,7.570341916179942
2024,4,Chihuahua,478687.47000000003,374,404957.41,18.20686772962126
2024,4,Ciudad de México,2418122.33,2094,2027837.37,19.246363923158192
2024,4,Coahuila,390127.86,319,305371.49,27.75516797589716
2024,4,Colima,124737.48,103,83465.67000000001,49.44764715840654
2024,4,Durango,180552.15,152,105966.93000000001,70.38537400300262
2024,4,Guanajuato,472746.16000000003,391,421895.35,12.052943935030349
2024,4,Guerrero,157738.25,124,126836.06999999999,24.36387377817683
2024,4,Hidalgo,240159.56,206,172520.16,39.20666431099994
2024,4,Jalisco,1550595.42,1313,1134660.82,36.65717478461976
2024,4,Michoacán,422131.46,354,380241.83999999997,11.016573031521219
2024,4,Morelos,130822.18,113,128805.55000000002,1.5656390582548463
2024,4,México,1616501.4000000001,1393,1345071.58,20.17958181824049
2024,4,Nayarit,144722.21,124,105574.4,37.080779052497576
2024,4,Nuevo León,1391599.2799999998,1151,1263626.55,10.127416996738454
2024,4,Oaxaca,182066.37999999998,156,125365.45999999999,45.22850233230109
2024,4,Puebla,479500.41,401,294311.84,62.92256879641673
2024,4,Querétaro,475381.31000000006,407,318403.83999999997,49.30137463166277
2024,4,Quintana Roo,207749.38,178,217374.36000000002,-4.427835923243205
2024,4,San Luis Potosí,285074.79000000004,231,214226.16,33.07188533837326
2024,4,Sinaloa,551854.24,489,431315.56,27.946749706873547
2024,4,Sonora,337358.92,274,150850.0,123.63866092144514
2024,4,Tabasco,141805.33000000002,114,195414.22,-27.433464156293226
2024,4,Tamaulipas,341794.37,279,337889.25,1.1557396395416533
2024,4,Tlaxcala,60272.55,49,37286.229999999996,61.64828141649078
2024,4,Veracruz,742701.48,643,670584.0399999999,10.75442236889504
2024,4,Yucatán,229637.02000000002,192,190892.43,20.29655654758024
2024,4,Zacatecas,106006.94,86,76630.23999999999,38.33564921628852
2024,5,Aguascalientes,237194.4,211,171062.47999999998,38.65951200988085
2024,5,Baja California,237685.68,208,311128.02,-23.605183486848922
2024,5,Baja California Sur,157316.32,144,169687.94,-7.290806877613103
2024,5,Campeche,119494.42,105,81867.05,45.96155596176972
2024,5,Chiapas,300795.95999999996,260,187271.96,60.61986001534879
2024,5,Chihuahua,538500.34,463,476183.01,13.086844488634727
2024,5,Ciudad de México,3275806.3800000004,2999,2576056.7,27.16359775776675
2024,5,Coahuila,414744.88,361,362270.25,14.48494045536447
2024,5,Colima,114642.90999999999,104,89777.85,27.696207917654505
2024,5,Durango,171815.48,151,108910.12,57.75896675166644
2024,5,Guanajuato,612839.7899999999,543,444796.62000000005,37.77977674380706
2024,5,Guerrero,164043.3,152,165878.91,-1.1065963720161986
2024,5,Hidalgo,294215.49,264,240015.14,22.582054615388
2024,5,Jalisco,1680663.7899999998,1504,1407580.73,19.400880829051975
2024,5,Michoacán,474855.73,419,409487.52999999997,15.963416517225815
2024,5,Morelos,176395.6,155,152278.47999999998,15.837510329759022
2024,5,México,2045081.39,1855,1794869.05,13.94042311888992
2024,5,Nayarit,162088.95,137,153991.28,5.2585250281704345
2024,5,Nuevo León,1501400.43,1322,1451245.8,3.4559707252899465
2024,5,Oaxaca,190240.31999999998,167,154410.11,23.2045751408376
2024,5,Puebla,674252.01,629,557990.97,20.83564900700813
2024,5,Querétaro,541604.41,491,443521.7,22.114523370558874
2024,5,Quintana Roo,239917.34,211,233226.32,2.8688957575628637
2024,5,San Luis Potosí,310221.54,265,272706.77999999997,13.756445659326847
2024,5,Sinaloa,611466.69,553,575659.19,6.220260289773191
2024,5,Sonora,288323.41000000003,262,262612.04,9.790628792190965
2024,5,Tabasco,212419.46,191,205919.41999999998,3.156593972535475
2024,5,Tamaulipas,359218.44,315,400961.41,-10.410720074034051
2024,5,Tlaxcala,87589.48,80,55178.34,58.73888195984149
2024,5,Veracruz,852867.3400000001,764,697751.91,22.230742442539505
2024,5,Yucatán,276921.17,256,280816.65,-1.3871969486139941
2024,5,Zacatecas,84295.06999999999,78,65192.090000000004,29.302604042913778
2024,6,Aguascalientes,123599.42,109,99398.02000000002,24.34796990925974
2024,6,Baja California,138193.27000000002,116,230584.38,-40.06824313077927
2024,6,Baja California Sur,80550.58,73,114771.21,-29.816388622198897
2024,6,Campeche,56298.76,48,93743.43,-39.94378059347732
2024,6,Chiapas,180949.50999999998,158,246852.01,-26.697169692886042
2024,6,Chihuahua,343013.93,289,415199.95999999996,-17.385847050659635
2024,6,Ciudad de México,2266184.5700000003,2081,2296047.77,-1.3006349602212206
2024,6,Coahuila,232889.41,200,325052.63,-28.353322352752535
2024,6,Colima,72118.7,56,63470.94,13.624754887827399
2024,6,Durango,105219.48999999999,88,134922.06,-22.01461347388263
2024,6,Guanajuato,309481.46,264,399756.18,-22.582445129428635
2024,6,Guerrero,135552.24,115,108038.94,25.466095835445984
2024,6,Hidalgo,187279.25,162,227402.85,-17.644281942816463
2024,6,Jalisco,987252.42,864,1294811.15,-23.75317280825083
2024,6,Michoacán,307580.76,264,472070.2,-34.844275279397
2024,6,Morelos,99326.88999999998,92,168770.07,-41.14662036935815
2024,6,México,1254562.06,1120,1534355.35,-18.235234100105952
2024,6,Nayarit,93788.91999999998,91,109534.05,-14.374644231633923
2024,6,Nuevo León,860608.4199999999,743,1170882.8099999998,-26.49918397896711
2024,6,Oaxaca,122604.67000000001,104,179105.66,-31.546177825982713
2024,6,Puebla,388335.16,347,430727.36000000004,-9.842003071269971
2024,6,Querétaro,326383.48,285,432180.10000000003,-24.479752769736514
2024,6,Quintana Roo,133393.37999999998,117,240019.57,-44.42395676319228
2024,6,San Luis Potosí,211833.13,173,248932.37,-14.903341015875112
2024,6,Sinaloa,306477.19,269,544064.6799999999,-43.66897884273612
2024,6,Sonora,160135.75,135,228456.34999999998,-29.905318893521667
2024,6,Tabasco,117130.82,98,206727.51,-43.340477520384205
2024,6,Tamaulipas,222967.86000000002,180,290531.02,-23.255058960657628
2024,6,Tlaxcala,58319.12,58,57385.47,1.6269797912259
2024,6,Veracruz,497999.72000000003,434,606707.11,-17.917606075194993
2024,6,Yucatán,157820.37,156,214320.99,-26.36261618612344
2024,6,Zacatecas,75022.15,65,73441.1,2.1528136152644612
2024,7,Aguascalientes,236002.32000000004,242,188589.52,25.14073952783805
2024,7,Baja California,268247.2,254,243399.18,10.208752552083379
2024,7,Baja California Sur,132433.63999999998,124,151241.27,-12.435514459776757
2024,7,Campeche,121798.64000000001,115,121988.94,-0.15599774864835153
2024,7,Chiapas,339544.24,366,270525.4,25.512887144793044
2024,7,Chihuahua,455073.74999999994,438,490145.39,-7.155354455134234
2024,7,Ciudad de México,3887161.91,4043,2899607.9299999997,34.05819006709643
2024,7,Coahuila,400537.63,404,351222.98,14.040838102336023
2024,7,Colima,121112.14,120,132079.38,-8.303521715501697
2024,7,Durango,188274.19,186,164941.53,14.146018895301872
2024,7,Guanajuato,606104.9299999999,613,488688.5,24.026845321713104
2024,7,Guerrero,193660.97,209,204270.01,-5.193635619834751
2024,7,Hidalgo,352377.44999999995,354,318656.62,10.58218404500743
2024,7,Jalisco,1853690.16,1906,1619117.3800000001,14.48769452403752
2024,7,Michoacán,559393.73,576,484069.06999999995,15.560725662558866
2024,7,Morelos,180500.76,196,147740.58,22.174124401027818
2024,7,México,2240311.4699999997,2326,1987620.0899999999,12.713263529148566
2024,7,Nayarit,166320.79,172,178509.35,-6.82796727454332
2024,7,Nuevo León,1348568.25,1399,1394304.16,-3.280196051340758
2024,7,Oaxaca,243595.76,265,190192.13,28.07878012618083
2024,7,Puebla,663845.91,717,503553.47000000003,31.8322580519602
2024,7,Querétaro,574079.59,593,424202.68,35.33143873584202
2024,7,Quintana Roo,267328.07999999996,272,217118.52000000002,23.12541555644352
2024,7,San Luis Potosí,340253.78,365,257196.69,32.293218859076305
2024,7,Sinaloa,630575.45,655,591672.6799999999,6.57504923161232
2024,7,Sonora,238063.57,238,186056.32,27.95242322324767
2024,7,Tabasco,225319.44000000003,231,242696.24,-7.159896667537972
2024,7,Tamaulipas,433318.85000000003,470,302507.76,43.24222624900598
2024,7,Tlaxcala,119346.69,116,69441.81,71.86575349922477
2024,7,Veracruz,873706.17,933,772811.03,13.055602997798829
2024,7,Yucatán,249762.93,269,272258.43,-8.262554074083216
2024,7,Zacatecas,146820.8,146,75206.93,95.22243495380013
2024,8,Aguascalientes,162226.28,134,200450.92,-19.069326296930946
2024,8,Baja California,220769.16999999998,175,268885.81,-17.894823084937066
2024,8,Baja California Sur,123858.37999999999,101,141745.97,-12.619469886868748
2024,8,Campeche,76699.57,66,72272.76,6.12514313829998
2024,8,Chiapas,283310.04,251,273287.13999999996,3.6675344474679723
2024,8,Chihuahua,361730.91,301,469906.49,-23.020660982996855
2024,8,Ciudad de México,3321062.9200000004,2695,3074748.04,8.010896398522474
2024,8,Coahuila,326257.52,267,377106.28,-13.483933494822734
2024,8,Colima,76913.15,70,121003.12000000001,-36.437052201629186
2024,8,Durango,160139.88,133,183367.61000000002,-12.667302584136866
2024,8,Guanajuato,498689.88,400,552308.3,-9.708059791967646
2024,8,Guerrero,139043.14,119,179614.19,-22.587886847915517
2024,8,Hidalgo,259629.2,201,227407.74,14.169025205562495
2024,8,Jalisco,1655145.08,1362,1623513.44,1.948344819369043
2024,8,Michoacán,463654.05,388,571924.11,-18.930843814225632
2024,8,Morelos,156306.72,140,144723.31,8.003831587323425
2024,8,México,1689135.2600000002,1396,2087919.3699999999,-19.0995933909076
2024,8,Nayarit,151677.96,135,130720.43,16.03232945301664
2024,8,Nuevo León,1055312.6,905,1371256.77,-23.040482053554413
2024,8,Oaxaca,208764.59999999998,172,186652.67,11.846565066548452
2024,8,Puebla,466249.56,400,576715.85,-19.154370388814524
2024,8,Querétaro,507648.21,432,565426.38,-10.218513327942
2024,8,Quintana Roo,197327.23,182,247236.69,-20.186914814302032
2024,8,San Luis Potosí,288798.01,245,286825.33999999997,0.687760014509193
2024,8,Sinaloa,482571.83,422,554823.42,-13.022447754638769
2024,8,Sonora,207378.96000000002,176,267889.58999999997,-22.587898992267654
2024,8,Tabasco,152209.38999999998,140,192809.25,-21.057008416349326
2024,8,Tamaulipas,297372.66000000003,253,398700.67,-25.41455724165198
2024,8,Tlaxcala,110611.48,88,58997.86,87.48388500871047
2024,8,Veracruz,646170.46,552,792035.0800000001,-18.416434282178525
2024,8,Yucatán,216256.32,179,211956.99,2.0283973649559828
2024,8,Zacatecas,96912.16,80,105175.96,-7.8571186799721175
2024,9,Aguascalientes,115258.12999999999,89,126487.29000000001,-8.87769830470715
2024,9,Baja California,195854.74,156,232227.28,-15.662475140732823
2024,9,Baja California Sur,65288.909999999996,53,86462.01999999999,-24.488336034712116
2024,9,Campeche,50474.450000000004,40,57254.95,-11.842644173123883
2024,9,Chiapas,221705.4,180,146177.59,51.66852867118688
2024,9,Chihuahua,291290.35000000003,205,406386.17,-28.32178565525494
2024,9,Ciudad de México,2644468.2199999997,2113,2201064.9299999997,20.144943656887037
2024,9,Coahuila,266679.54000000004,205,310509.64,-14.11553599430922
2024,9,Colima,83245.79,68,75193.03,10.709450064720087
2024,9,Durango,115020.04,88,133356.00999999998,-13.74963903014194
2024,9,Guanajuato,449048.55000000005,340,388973.83,15.444411774437377
2024,9,Guerrero,124247.6,101,99648.47,24.685908373706095
2024,9,Hidalgo,206801.19,160,188199.25,9.88417328974478
2024,9,Jalisco,1222053.82,956,1266874.8,-3.537917085413648
2024,9,Michoacán,411851.88,327,423073.0,-2.6522893212282503
2024,9,Morelos,120271.06,97,117873.01,2.0344351942823917
2024,9,México,1461860.3499999999,1179,1452408.43,0.650775622391556
2024,9,Nayarit,81502.35,63,110866.65,-26.486143488596426
2024,9,Nuevo León,910156.11,714,893889.69,1.8197346028233128
2024,9,Oaxaca,167540.13999999998,126,132838.51,26.123170156003688
2024,9,Puebla,476445.61,383,364458.75,30.72689570493231
2024,9,Querétaro,382487.8,306,387101.00000000006,-1.1917303236106518
2024,9,Quintana Roo,757416.04,582,129781.36,483.60926407305334
2024,9,San Luis Potosí,208336.83,154,218670.87000000002,-4.7258420840416635
2024,9,Sinaloa,386741.35000000003,328,392504.92,-1.4684070711775916
2024,9,Sonora,170407.52,132,228883.59,-25.548389030423724
2024,9,Tabasco,110220.17000000001,101,145673.28,-24.337414521043247
2024,9,Tamaulipas,229673.19,177,212940.46,7.857938317593572
2024,9,Tlaxcala,54430.32,39,52395.45,3.8836769223281844
2024,9,Veracruz,567014.38,457,487175.58,16.388095643053372
2024,9,Yucatán,166702.56,144,146290.78999999998,13.952874271852671
2024,9,Zacatecas,105853.6,78,86178.67,22.83039411028275
2024,10,Aguascalientes,174297.9,144,186354.01,-6.46946636672858
2024,10,Baja California,206929.34999999998,168,345694.17,-40.14091993509755
2024,10,Baja California Sur,104495.94,92,157586.12,-33.68962951813268
2024,10,Campeche,55154.64,49,90502.14,-39.057087489864884
2024,10,Chiapas,239972.72,196,228197.97,5.159883762331453
2024,10,Chihuahua,465882.2,366,550550.2899999999,-15.378811261728684
2024,10,Ciudad de México,2999529.23,2475,3107456.1599999997,-3.4731601812847366
2024,10,Coahuila,355883.02,293,516810.99,-31.13865090214122
2024,10,Colima,85226.42,74,80058.45,6.45524613579204
2024,10,Durango,133789.19,105,224747.32,-40.471285708768406
2024,10,Guanajuato,544026.8,463,528170.03,3.0022093453504013
2024,10,Guerrero,164596.34,156,117244.87999999999,40.386804097543546
2024,10,Hidalgo,272113.19,225,315865.41000000003,-13.851538856375575
2024,10,Jalisco,1475400.95,1228,1602571.5,-7.935405690167337
2024,10,Michoacán,405142.38,337,575417.76,-29.591610102545324
2024,10,Morelos,134042.12,112,162178.34,-17.34893821209417
2024,10,México,1636266.11,1434,1975400.94,-17.16789858366676
2024,10,Nayarit,113961.85,98,139508.78,-18.31205892561027
2024,10,Nuevo León,1102987.23,941,1625475.74,-32.143728580040204
2024,10,Oaxaca,178406.73,147,186569.16000000003,-4.375015677832296
2024,10,Puebla,499111.0,406,582811.47,-14.361500126275823
2024,10,Querétaro,409939.86,334,488812.45,-16.135552603048474
2024,10,Quintana Roo,153345.49,145,188436.56,-18.6222195947538
2024,10,San Luis Potosí,284894.83999999997,233,363020.06,-21.520909891315657
2024,10,Sinaloa,476217.73,422,614079.28,-22.45012240113362
2024,10,Sonora,233158.24000000002,185,300405.17,-22.385410344302652
2024,10,Tabasco,137889.61000000002,125,132870.59,3.77737466206782
2024,10,Tamaulipas,224611.91999999998,184,450062.33,-50.0931526528781
2024,10,Tlaxcala,80177.35,64,86871.12,-7.705403130522537
2024,10,Veracruz,644652.73,563,747806.09,-13.79413211251061
2024,10,Yucatán,176145.87,158,146794.11000000002,19.995189180274313
2024,10,Zacatecas,96741.03,78,108616.19,-10.933139893785635
2024,11,Aguascalientes,296063.53,240,273289.16000000003,8.333433349496918
2024,11,Baja California,539870.85,421,427709.26,26.223792769882976
2024,11,Baja California Sur,192379.59000000003,168,230522.05000000002,-16.546122160548194
2024,11,Campeche,89554.76999999999,79,102567.26,-12.686787187256446
2024,11,Chiapas,460386.94,420,414689.00999999995,11.01980734912653
2024,11,Chihuahua,1168312.4100000001,936,834554.6899999998,39.99231254694649
2024,11,Ciudad de México,5347987.62,4464,4401475.87,21.50441756255726
2024,11,Coahuila,522808.6,412,630016.41,-17.016669454689293
2024,11,Colima,197209.47999999998,179,126894.11,55.41263499149013
2024,11,Durango,279969.24,228,259291.18000000002,7.974841257616232
2024,11,Guanajuato,877407.0,706,810697.56,8.228646944490611
2024,11,Guerrero,327964.56,305,167159.88999999998,96.19811905834588
2024,11,Hidalgo,484292.85,411,407068.74000000005,18.970778743658855
2024,11,Jalisco,2925845.71,2549,2559661.73,14.305952060313846
2024,11,Michoacán,807677.1,663,805681.5599999999,0.247683464419868
2024,11,Morelos,275374.60000000003,237,202426.74,36.036671834956216
2024,11,México,2939644.7700000005,2469,2942243.38,-0.08832070173608153
2024,11,Nayarit,261410.24000000002,228,212018.93000000002,23.29570760497659
2024,11,Nuevo León,2277594.59,1935,2265143.58,0.549678621255425
2024,11,Oaxaca,1196809.49,986,291861.5,310.0607616969007
2024,11,Puebla,962019.58,822,887118.21,8.44322314159237
2024,11,Querétaro,760345.1,630,782416.32,-2.8209048604712095
2024,11,Quintana Roo,356658.23,322,353346.29000000004,0.9373071385580258
2024,11,San Luis Potosí,800343.7799999999,655,522646.07,53.13303322074151
2024,11,Sinaloa,934440.2499999999,829,991489.0399999999,-5.753849785369291
2024,11,Sonora,633513.9299999999,477,498066.33999999997,27.19468856297335
2024,11,Tabasco,259654.71999999997,239,294502.37000000005,-11.832723111871758
2024,11,Tamaulipas,570982.46,481,570968.01,0.002530789772259471
2024,11,Tlaxcala,95353.2,82,104477.17000000001,-8.732979654789668
2024,11,Veracruz,1111992.89,977,1240142.41,-10.333451946055133
2024,11,Yucatán,333559.29,303,324389.9,2.8266570568319036
2024,11,Zacatecas,227408.79,190,143164.87,58.843988752268636
2024,12,Aguascalientes,260344.76,214,203916.04,27.672526398609936
2024,12,Baja California,376448.22000000003,289,389018.77,-3.231347937273049
2024,12,Baja California Sur,227290.41,196,213593.91,6.412401926627965
2024,12,Campeche,100465.38,90,132667.99,-24.27308199965944
2024,12,Chiapas,445165.9,384,340102.53,30.89167551914418
2024,12,Chihuahua,694650.97,539,653121.2899999999,6.358647411417266
2024,12,Ciudad de México,4143355.71,3393,3090444.55,34.069893277975176
2024,12,Coahuila,626255.77,500,578897.57,8.180756398752905
2024,12,Colima,173282.03999999998,142,124016.01000000001,39.72554027500156
2024,12,Durango,306436.48,244,262659.95,16.666617807549255
2024,12,Guanajuato,822624.8099999999,663,720190.4500000001,14.223232201982109
2024,12,Guerrero,328394.54000000004,285,228823.65,43.514247762414435
2024,12,Hidalgo,319654.72,277,328571.81999999995,-2.7138967669229754
2024,12,Jalisco,2657255.8200000003,2246,2172631.3000000003,22.305879511171543
2024,12,Michoacán,681022.02,560,563061.84,20.94977347425996
2024,12,Morelos,229507.97999999998,194,214439.88999999998,7.026719702197197
2024,12,México,2426349.94,2057,2211934.22,9.693584830022644
2024,12,Nayarit,237231.16,187,211209.81,12.320142705492707
2024,12,Nuevo León,2172011.59,1792,1964248.01,10.577258011324133
2024,12,Oaxaca,279674.15,247,227185.7,23.103764893653082
2024,12,Puebla,667345.12,551,555445.02,20.14602633398351
2024,12,Querétaro,681801.68,581,563265.18,21.044528262869008
2024,12,Quintana Roo,310904.23,283,252703.77000000002,23.03110080233467
2024,12,San Luis Potosí,572227.9500000001,468,501950.36000000004,14.000904392219187
2024,12,Sinaloa,912625.5800000001,791,860538.65,6.052828655633312
2024,12,Sonora,461766.67,367,403548.51999999996,14.426555200846735
2024,12,Tabasco,301734.52999999997,273,277215.44,8.844777909917271
2024,12,Tamaulipas,534936.6,428,527984.06,1.3168086930503016
2024,12,Tlaxcala,101300.48,87,64404.329999999994,57.28830654709086
2024,12,Veracruz,1169735.27,998,963560.5100000001,21.397178263355755
2024,12,Yucatán,359131.55,326,271686.75,32.185890552262855
2024,12,Zacatecas,159183.28,128,147220.44,8.12580100969675
2025,1,Aguascalientes,212069.93,209,198186.53000000003,7.00521877041793
2025,1,Baja California,306743.47,264,287843.67000000004,6.565994659531657
2025,1,Baja California Sur,146450.92,134,157111.8,-6.785537432579843
2025,1,Campeche,91042.72,95,90550.65000000001,0.5434196220568183
2025,1,Chiapas,392227.13,404,284808.33,37.716172135836054
2025,1,Chihuahua,501023.24,472,414498.08999999997,20.874680025666713
2025,1,Ciudad de México,3879056.3400000003,3811,3339914.9,16.142370573573608
2025,1,Coahuila,408608.33999999997,394,362361.2,12.762718525051787
2025,1,Colima,147571.6,141,114895.69,28.439630764217526
2025,1,Durango,242933.42,221,215780.18,12.583750741147783
2025,1,Guanajuato,722208.27,670,568335.55,27.074273288024997
2025,1,Guerrero,239323.33000000002,232,208513.28,14.776061265738093
2025,1,Hidalgo,388358.36,383,316692.65,22.629420038639974
2025,1,Jalisco,2234164.03,2162,1707081.7599999998,30.876217082888875
2025,1,Michoacán,710747.0199999999,676,616033.9600000001,15.374649150835745
2025,1,Morelos,245212.63,247,238336.28999999998,2.8851418304782817
2025,1,México,2417152.33,2430,2323177.23,4.0451110998535444
2025,1,Nayarit,202065.98,202,154073.6,31.148996323834844
2025,1,Nuevo León,1527135.17,1491,1663596.98,-8.20281664613265
2025,1,Oaxaca,280460.62,282,223143.13,25.68642377652406
2025,1,Puebla,735493.24,735,628002.48,17.11629546431091
2025,1,Querétaro,698582.45,718,541798.17,28.93776477687252
2025,1,Quintana Roo,326276.71,335,246802.74000000002,32.201413160972194
2025,1,San Luis Potosí,404580.7,383,409027.7,-1.087212430845148
2025,1,Sinaloa,606175.02,593,596401.02,1.6388301951596258
2025,1,Sonora,288213.9,270,232738.03,23.83618611878773
2025,1,Tabasco,189965.19999999998,186,204465.59999999998,-7.091853103896203
2025,1,Tamaulipas,431847.54999999993,418,424912.31999999995,1.6321555468196314
2025,1,Tlaxcala,92400.52,89,50234.88,83.93697765377365
2025,1,Veracruz,1100681.8800000001,1070,1024345.64,7.45219553040711
2025,1,Yucatán,308012.43,324,333563.07,-7.65991271156007
2025,1,Zacatecas,142846.11000000002,131,123103.94,16.036992804616986
2025,2,Aguascalientes,166706.16,159,173736.73,-4.046680284589222
2025,2,Baja California,166779.93,147,186448.22,-10.548928812514276
2025,2,Baja California Sur,125781.51000000001,121,129473.03,-2.8511883903543382
2025,2,Campeche,48455.45,47,96236.19,-49.64945100174893
2025,2,Chiapas,323269.46,308,220274.56999999998,46.7575036010739
2025,2,Chihuahua,310941.63,318,395699.53,-21.41976261634681
2025,2,Ciudad de México,2882128.89,2752,2595305.96,11.051603719200806
2025,2,Coahuila,292830.95,284,370926.36,-21.054154792342064
2025,2,Colima,106626.43000000001,100,102179.9,4.351667989496969
2025,2,Durango,127738.2,125,130455.82,-2.083172678689237
2025,2,Guanajuato,633720.56,584,504054.76999999996,25.724543783208343
2025,2,Guerrero,187864.22,186,181865.05,3.298693179365696
2025,2,Hidalgo,276405.61000000004,264,218530.86000000002,26.483559347178716
2025,2,Jalisco,1803721.92,1669,1420935.48,26.939044410376745
2025,2,Michoacán,519500.6,468,647942.95,-19.823095536420297
2025,2,Morelos,196565.13,175,121090.28,62.32940414375127
2025,2,México,1705671.03,1608,1793543.86,-4.899396773045743
2025,2,Nayarit,155511.14,150,156224.7,-0.4567523573416992
2025,2,Nuevo León,1103171.7500000002,1027,1326722.78,-16.84986746063106
2025,2,Oaxaca,274095.04000000004,261,186384.21,47.059152703976395
2025,2,Puebla,505066.44,478,497109.12,1.6007189729289228
2025,2,Querétaro,524765.4299999999,485,435506.12,20.495535171813415
2025,2,Quintana Roo,231729.59999999998,226,203125.75,14.081843390116703
2025,2,San Luis Potosí,266590.56,246,295705.44999999995,-9.845909164000853
2025,2,Sinaloa,486444.52999999997,439,495093.3,-1.7468969990100895
2025,2,Sonora,222359.18000000002,207,268221.47000000003,-17.098664771317523
2025,2,Tabasco,200520.59,190,199170.05,0.6780838785751212
2025,2,Tamaulipas,306901.87,290,383966.29000000004,-20.070621303760817
2025,2,Tlaxcala,64227.64,61,59885.780000000006,7.250235364722632
2025,2,Veracruz,821043.4400000001,785,707379.12,16.068373632515485
2025,2,Yucatán,255042.43000000002,265,265437.1,-3.916057702559271
2025,2,Zacatecas,97802.29,92,70229.36,39.26125768482013
2025,3,Aguascalientes,66065.77,63,187111.66,-64.6917941939054
2025,3,Baja California,85128.98,71,199473.4,-57.323141832444826
2025,3,Baja California Sur,60334.079999999994,52,153577.84,-60.7143322239719
2025,3,Campeche,16795.85,17,124231.37,-86.48018612368196
2025,3,Chiapas,97608.97,102,219019.75999999998,-55.43371520450939
2025,3,Chihuahua,140240.88,128,394294.05,-64.43241281475082
2025,3,Ciudad de México,1063982.05,1047,2068836.6500000001,-48.57099761839583
2025,3,Coahuila,100274.97,105,357858.81,-71.97918083950483
2025,3,Colima,33823.259999999995,31,81306.62,-58.400361495779805
2025,3,Durango,53783.67,46,123890.92,-56.58788392240529
2025,3,Guanajuato,145176.22,136,394725.36,-63.22095443778936
2025,3,Guerrero,81804.82,77,164617.99,-50.30626968534848
2025,3,Hidalgo,90655.51000000001,95,213768.14999999997,-57.5916664853955
2025,3,Jalisco,538449.9,494,1257989.71,-57.197591067736155
2025,3,Michoacán,211159.33000000002,198,393843.89,-46.385018185758824
2025,3,Morelos,56573.969999999994,57,184667.37,-69.36439285402722
2025,3,México,598087.7,572,1536888.9400000002,-61.08452052495089
2025,3,Nayarit,45270.759999999995,42,164245.34999999998,-72.43711313592745
2025,3,Nuevo León,388949.9,394,1099362.76,-64.62042247092306
2025,3,Oaxaca,91639.15,85,202548.92,-54.75702857364039
2025,3,Puebla,185991.46,177,397622.18,-53.224073164127816
2025,3,Querétaro,179127.93,179,322519.66,-44.45984161089591
2025,3,Quintana Roo,88352.66,79,175825.52,-49.749808787711814
2025,3,San Luis Potosí,107469.23,105,240680.94,-55.34784349770282
2025,3,Sinaloa,148565.71,154,514129.18,-71.10342774164266
2025,3,Sonora,94026.12,87,259430.61000000002,-63.75673633886149
2025,3,Tabasco,59425.68,62,122069.05,-51.31797945507072
2025,3,Tamaulipas,99444.64000000001,94,314464.06,-68.37646884035014
2025,3,Tlaxcala,19509.19,18,71425.4,-72.6859212549037
2025,3,Veracruz,312337.38999999996,305,726873.76,-57.030036412375104
2025,3,Yucatán,102405.95999999999,110,247074.68999999997,-58.55263038071605
2025,3,Zacatecas,48232.11,39,76785.09,-37.185578606471644
